naslov,zanr,rezija,ID,ocena,distributer,dolzina,leto
Tom Sawyer,Adventure,Jethro Cicchitello,1,9.9,Heidenreich and Sons,112,2009
The Big Sleep,Thriller,Ellynn Funnell,2,3.8,"Goyette, Schinner and Jerde",120,1990
"Smiling Lieutenant, The",Comedy|Musical|Romance,Livvyy Isaq,3,4.2,"Williamson, Pfeffer and Cassin",110,2011
"Thank You, Jeeves!",(no genres listed),Ashli McLae,4,3.1,Blick-Stoltenberg,130,1991
Are You Listening?,Drama,Ugo McTrusty,5,3.1,Wintheiser Inc,130,1996
"Gauntlet, The",Action,Gaynor Woolerton,6,2.8,Wunsch Inc,123,2006
Dark Days,Documentary,Esme Reiners,7,8.9,Crist-Kulas,96,1992
Crank,Action|Thriller,Jacky Kasparski,8,3.0,Reinger Group,140,2018
Beauty and the Beast,Children|Fantasy|Horror|Romance,Kelwin McKendo,9,6.8,"Anderson, Mante and Bailey",109,2010
The Walking Hills,Western,Gusty Oswald,10,2.4,Willms and Sons,114,2009
"Eleventh Year, The (Odinnadtsatyy) ",Documentary,Harwell Wynett,11,2.2,"Walsh, Cassin and DuBuque",110,1991
Life in Flight ,Drama,Deane Beyer,12,3.5,Reichel-Watsica,125,2005
Metro,Action|Comedy|Crime|Drama|Thriller,Maurie Skala,13,7.6,Stanton-Gusikowski,119,2004
"Crimson Rivers 2: Angels of the Apocalypse (Rivières pourpres II - Les anges de l'apocalypse, Les)",Action|Crime|Thriller,Edie Dymott,14,8.2,Conroy-Raynor,137,2004
Loaf and Camouflage,Comedy,Neal Toothill,15,2.9,Klein-Collier,125,1990
Opera,Crime|Horror|Mystery,Alvy Dagger,16,3.3,Ritchie-Ankunding,112,2016
Brother (Hermano),Drama,Herrick Walas,17,3.4,Trantow LLC,119,1995
Blackhat,Action|Crime|Drama|Mystery|Thriller,Kelly Jouen,18,7.8,Hermann LLC,111,2016
Lucky Jordan,Comedy|Crime|Drama,Danyelle Drayn,19,6.2,Leuschke-Rosenbaum,119,2016
Beauty and the Boss,Comedy|Romance,Breena Estevez,20,3.8,Kautzer-Emard,121,2019
Men with Brooms,Comedy|Drama|Romance,Netty Norbury,21,9.6,Will LLC,129,2002
Isabelle au bois dormant,Animation|Comedy,Ransell Lammas,22,5.9,Douglas Inc,130,2007
"Good Guy, The",Comedy|Romance,Ardella Hawket,23,7.6,Block Group,117,2013
Some Folks Call It a Sling Blade,Drama|Thriller,Ryan Fearnsides,24,2.3,Deckow-Brekke,129,2000
Phffft,Comedy|Romance,Mabelle Bernhard,25,2.7,"Denesik, Brown and Kilback",113,1994
Game of Werewolves,Comedy|Horror,Cleo Crosher,26,9.6,"Balistreri, Hessel and Hermiston",113,2012
Imagine That,Comedy|Drama|Fantasy,Keeley Ubanks,27,6.6,Walter-Dickens,119,1990
"Come Back, Little Sheba",Drama,Kippar Vernay,28,8.6,"Prosacco, Bartoletti and Treutel",121,2011
Blast from the Past,Comedy|Romance,Shannon Sarfatti,29,9.0,Wolff LLC,124,1997
Delhi Belly,Comedy|Crime,Jamie Friary,30,8.7,Witting-Langosh,124,2019
"Shakiest Gun in the West, The",Comedy|Western,Neila O'Sherin,31,9.8,Stoltenberg-Schaden,124,1991
Deadline,Mystery|Thriller,Loraine Nicklen,32,6.9,Connelly Inc,108,2007
Indestructible Man,Crime|Horror|Sci-Fi,Nissa Poe,33,3.6,Purdy-Koepp,126,2016
"Yellow Sea, The (a.k.a. The Murderer) (Hwanghae)",Crime|Drama|Thriller,Kakalina Wayper,34,5.1,Hickle LLC,122,2009
"One, Two, Three",Comedy,Cristine MacMenamin,35,4.8,Grant Group,110,1996
Please Vote for Me,Documentary,Corny Stickles,36,5.7,Padberg-Boyer,115,1990
Days of Glory,Drama|Romance|War,Barnett Brothwell,37,9.1,Corwin-Ortiz,113,2009
"City of Violence, The (Jjakpae)",Action|Crime|Drama,Orlan Curthoys,38,8.5,"Schuster, Bosco and Beatty",129,2008
Vertical Features Remake,Documentary,Jeniffer Yielding,39,1.5,Toy-Weber,128,2005
Boogie-Doodle,Animation,Georgia Baudoux,40,7.3,Stracke-Sporer,115,2011
My Life as a Dog (Mitt liv som hund),Comedy|Drama,Barrie Davids,41,9.0,Orn LLC,105,2019
Prairie Fever,Action|Western,Laurens Fockes,42,4.1,Cormier Group,123,1995
Madeleine,Crime|Drama,Vivien Rushford,43,4.3,Jaskolski Inc,111,2014
"Million Ways to Die in the West, A",Comedy|Western,Jayme Catlette,44,7.2,"Nolan, Marvin and Ziemann",123,2007
Deep Blue Sea,Action|Horror|Sci-Fi|Thriller,Wilmer Truswell,45,6.5,Fay-Schroeder,127,2015
Niko & the Way to the Stars (a.k.a. The Flight Before Christmas) (Niko - Lentäjän poika),Adventure|Animation|Children|Drama|Fantasy,Othilia Aireton,46,9.3,Bergstrom-Pouros,120,1998
If I Were King,Adventure,Rockie Giraldo,47,3.0,"Buckridge, Mayer and Watsica",115,1997
"Dunwich Horror, The",Horror,Vernon Canny,48,3.6,"Lehner, Kub and Mayer",121,2013
Horns,Horror|Mystery,Vern Gynn,49,2.3,Deckow-Terry,128,2011
Westward the Women,Drama|Western,Loreen Lasseter,50,3.6,Jast-Reichel,118,2020
Loves of a Blonde (Lásky jedné plavovlásky),Comedy|Drama|Romance,Donia Justice,51,6.3,"Keebler, Mueller and Trantow",115,2013
Implanted,Drama|Mystery|Sci-Fi|Thriller,Jerald Finley,52,9.5,"Hickle, Lang and Krajcik",113,2012
Boogie-Doodle,Animation,Jannel Brightman,53,6.5,Gutkowski Inc,119,1990
Fever Pitch,Comedy|Romance,Giuseppe Maughan,54,6.5,Veum-Boyle,127,2006
"Misérables, Les",Drama|Musical|Romance|IMAX,Celinda Pesak,55,6.3,Stamm Group,131,2016
"Petits ruisseaux, Les",Drama,Addison Salerno,56,7.6,Renner LLC,129,2005
Yesterday,Drama,Todd Arbuckle,57,4.5,Jerde-Ruecker,135,1990
I'll Be Seeing You,Drama,Erskine McCulloch,58,3.3,Blick-Reinger,125,2020
Danton,Drama,Minna Chimienti,59,8.2,Johnson Inc,105,2012
Running Time,Crime|Thriller,Mab Gaudon,60,7.7,Satterfield Group,125,2006
"Guard, The",Comedy|Crime,Si Kinsey,61,4.4,"Paucek, Dicki and Nicolas",120,1999
Beyond Outrage,Action,Brion Piddington,62,5.4,Fadel-Kub,125,1995
White Water Summer,Adventure,Mindy Goom,63,9.9,"Lehner, Lebsack and MacGyver",118,2004
Savannah Smiles,Comedy,Evie Cosstick,64,1.7,Thiel Inc,112,2016
Dead Fury,Action|Animation|Comedy|Horror,Wernher Stillwell,65,2.9,Towne and Sons,128,2002
Mr. 3000,Comedy|Drama,Edeline Upstell,66,4.1,Armstrong and Sons,125,1997
"Namesake, The",Drama|Romance,Celia Melville,67,3.1,Eichmann Group,124,1990
Triad Election (Election 2) (Hak se wui yi wo wai kwai),Crime|Drama|Thriller,Erika Merring,68,1.0,Mohr Group,104,1999
Miss Firecracker,Comedy,Sterling Mansion,69,4.7,Kautzer Inc,115,1991
It's Kind of a Funny Story,Comedy|Drama,Clayton Venediktov,70,3.9,Baumbach-Streich,113,2017
"Artist, The",Drama|Romance,Laura Stutte,71,8.1,Simonis-Von,97,1996
Children (Börn),Drama,Corene Elston,72,4.6,Yundt-Schiller,108,1994
Horrible Bosses 2,Comedy|Crime,Clarke Fallowfield,73,2.1,Feil and Sons,124,2020
Welcome Farewell-Gutmann (Bienvenido a Farewell-Gutmann),Comedy|Drama,Vania Sayburn,74,7.5,Kessler-O'Connell,128,2001
Captain from Castile,Adventure|Drama,Lira D'Alessio,75,2.3,Russel-Luettgen,106,2014
Fulltime Killer (Chuen jik sat sau),Action|Thriller,Sosanna Beacom,76,7.6,"Turcotte, Bernhard and Wintheiser",126,2002
"Road to Wellville, The",Comedy,Jeni Heugh,77,8.9,Vandervort Group,116,1997
Altman,Documentary,Robbi Cleveley,78,5.9,Effertz Inc,119,2008
"Creature Wasn't Nice, The (a.k.a. Naked Space) (a.k.a. Spaceship)",Comedy|Horror|Musical|Sci-Fi,Godiva Ower,79,2.2,Hammes-Howe,107,1999
"Librarian, The: The Curse of the Judas Chalice",Action|Adventure|Fantasy,Charin Kernan,80,2.3,Satterfield Inc,119,2012
"Exorcist III, The",Horror,Harmonie Tanzig,81,3.1,Leuschke-Rath,120,1990
Phil Spector,Drama,Diego McGrill,82,9.2,"O'Kon, Beahan and Mante",120,2009
Paheli,Drama|Fantasy|Musical|Romance,Larisa Blaxlande,83,3.1,Gusikowski-Stokes,131,2012
"Square, The (Al Midan)",Documentary,Tracy Giddens,84,5.9,Champlin Group,122,2019
The War at Home,Documentary|War,Tomi Sturges,85,6.8,Schulist LLC,131,1990
"Colors of the Mountain, The (Los colores de la montaña)",Drama,Agnesse Cradduck,86,1.9,"Krajcik, Predovic and Schinner",120,2005
Dead Ahead: The Exxon Valdez Disaster,Drama,Tina Ormston,87,9.7,Abbott-Trantow,116,1990
Richie Rich,Children|Comedy,Letisha St. Pierre,88,6.7,O'Connell-Larson,106,2003
9/11,Documentary,Andras McSwan,89,7.4,Bernier-Klein,101,1993
Battlestar Galactica: The Plan,Action|Adventure|Drama|Sci-Fi,Lurlene Mackerel,90,5.9,Reilly LLC,118,2000
Rasen,Drama|Fantasy|Horror|Mystery|Thriller,Calv Cocks,91,6.3,Raynor Group,112,2003
Latitude Zero (Ido zero daisakusen),Action|Adventure|Sci-Fi,Klarrisa Wackett,92,6.5,"Lang, Nolan and Dooley",126,1997
House by the River,Crime|Drama|Film-Noir,Homerus Johnes,93,6.3,Mills Inc,108,2018
Humboldt County,Comedy|Drama,Fanchon Andino,94,7.1,"Morissette, Fritsch and Grant",111,1995
Growth,Sci-Fi|Thriller,Toddy Silverthorne,95,6.0,"Aufderhar, Ward and Collier",106,2010
"Horror Hotel (a.k.a. City of the Dead, The)",Horror|Thriller,Caitrin Hayford,96,9.5,D'Amore and Sons,119,2007
Dara Ó Briain Talks Funny: Live in London,Comedy,Antonie Armal,97,8.5,"Thompson, Nienow and Emard",121,2011
Cat Run 2,Action,Gena Sturges,98,5.8,Robel-Senger,126,1997
Cutie Honey,Action,Adelaide St. Hill,99,4.6,"Klein, Bahringer and Flatley",126,2008
Beginning of the End,Sci-Fi,Kele Sinney,100,9.7,Schmeler-Mraz,133,1998
Westward the Women,Drama|Western,Stefanie Jochen,101,8.4,Green-Hudson,120,2012
"South, The (Lomalla)",Drama|Thriller,Harmon Somner,102,9.4,Hackett Group,120,2004
Analyze That,Comedy|Crime,Danell Sulland,103,1.8,Ernser Group,122,2014
"Sound of Fury, The",Crime|Drama|Film-Noir,Karena Permain,104,7.0,"Lebsack, Buckridge and Franecki",127,2007
Papusza,Drama,Abby Laurenzi,105,8.4,"Kassulke, Tremblay and Quitzon",121,1991
"Devil's Rejects, The",Action|Crime|Horror,Babbie Ixer,106,5.6,Bayer-Johnson,128,1996
American Pie 2,Comedy,Aubrie Shimwell,107,5.0,Hessel-Gibson,130,2007
Scent of a Woman,Drama,Sherlock Stockle,108,6.4,"Balistreri, Kunze and Ortiz",125,1996
Love Streams,Comedy|Drama,Elisabeth Burniston,109,7.1,Goldner LLC,96,2016
Deadline at Dawn,Film-Noir|Mystery|Romance|Thriller,Crichton Shera,110,3.7,"Stoltenberg, Hartmann and Harvey",123,1994
Deadline (Sprängaren),Drama|Thriller,Kayle Jiggins,111,3.3,Hartmann-Grimes,103,2008
"Ox-Bow Incident, The",Drama|Western,Jobyna Gwinnell,112,8.4,"Koch, Nolan and Morissette",117,2000
Lady in the Lake,Crime|Drama|Film-Noir|Mystery|Romance,Guntar Menco,113,7.6,Stiedemann LLC,125,1996
"Ghost and Mr. Chicken, The",Comedy|Romance,Kiley Coldtart,114,8.7,Veum-Lindgren,116,2005
Lacombe Lucien,Drama,Reiko Petit,115,4.9,"Yundt, Hansen and Sipes",108,2019
The Mummy's Shroud,Horror,Norrie Pleager,116,9.6,Kris LLC,130,2004
"Winslow Boy, The",Drama,Wilden Burkitt,117,3.3,Kessler-Bruen,126,1991
"Lords of Flatbush, The",Comedy|Drama,Mozelle Gaskell,118,3.6,Becker LLC,108,1996
Dirty Deeds,Comedy,Dulcine Mattiello,119,8.8,Dietrich-Nader,119,2000
Played,Crime|Thriller,Christiana Pauwel,120,4.6,"Thompson, Gutkowski and Bergnaum",115,2002
Last Stand At Saber River,Western,Ritchie Bannon,121,4.6,Roberts Inc,123,2007
Crime Wave,Adventure|Comedy,Vania Di Giacomettino,122,7.7,Torphy Inc,136,1999
Little Women,Drama,Halley Aronov,123,8.7,Runte and Sons,107,2008
"Mountain, The",Adventure|Drama,Kyle Wittke,124,7.5,"Sauer, Larson and Barton",118,2006
"Flamingo Kid, The",Comedy|Drama,Deeanne Elder,125,4.8,Kling Group,140,2007
Zero Effect,Comedy|Mystery|Thriller,Jonie Jodrellec,126,9.5,Thompson-Kessler,128,1990
Time to Leave,Drama,Mattie Leopard,127,9.3,"Reilly, Boyer and Sipes",131,1998
"Overbrook Brothers, The",Comedy,Lacee Patry,128,7.9,"Kutch, Greenholt and Sporer",116,2003
This Must Be the Place,Crime|Drama|Thriller,Barney Lowey,129,2.5,Williamson-Schowalter,117,2011
Kiki,Comedy,Briggs Matthiae,130,3.8,Schulist-Boyer,123,1999
Batman: Gotham Knight,Action|Animation|Crime,Creighton Barrat,131,7.4,"VonRueden, Labadie and McLaughlin",124,1994
"Return of Mod Squad, The",Crime|Drama,Lainey Blachford,132,8.2,"Schuppe, Tromp and Wilkinson",117,1998
Penitentiary II,Drama,Irving Gadsby,133,2.9,Lockman-Thompson,116,2004
Night of the Creeps,Comedy|Horror|Sci-Fi|Thriller,Hobart Osgorby,134,2.8,Beatty-Huels,106,1993
"Sound of Fury, The",Crime|Drama|Film-Noir,Opal Cookson,135,8.4,"Dooley, Cremin and Lind",103,2008
Circle of Eight,Horror|Mystery,Nichols Brookes,136,4.4,Collier-Homenick,116,2010
The Missionaries,Comedy|Romance,Pacorro Jackalin,137,6.0,"Murray, Altenwerth and Witting",124,2013
Ingeborg Holm,Drama,Ashlin Geertz,138,8.4,"Bartell, Breitenberg and Nienow",128,2003
Always,Drama|Fantasy|Romance,Kira Harral,139,2.5,"Upton, Marquardt and Boyle",111,2009
9,Adventure|Animation|Sci-Fi,Rowena Middiff,140,7.9,Konopelski Inc,125,1991
"Twilight of the Golds, The",Drama,Austen Camosso,141,8.3,Oberbrunner-McGlynn,112,2017
London Conspiracy,Action|Mystery,Alric Oakeshott,142,4.2,Dooley Group,126,2015
Dancemaker,Documentary,Lelia Jeffrey,143,9.9,Hermiston-Parisian,127,2010
Transylvania,Drama,Rikki Sirrell,144,3.2,"Walsh, Hermann and Sawayn",132,2015
Paths of Hate,Action|Animation|Drama|War,Xever O'Connor,145,8.9,Hoppe Inc,124,1992
Immortal Beloved,Drama|Romance,Xenia Bemlott,146,2.3,Ledner LLC,102,1991
Arcade,Horror|Sci-Fi,Eberto Cheltnam,147,8.8,VonRueden Group,113,2016
Lucrèce Borgia,(no genres listed),Dorita Pinck,148,9.9,Walsh-Sawayn,128,2001
Beauty of the Day (Belle de jour),Drama,Arch Meardon,149,1.4,Greenfelder Inc,114,2020
Closer,Drama|Romance,Timothea Toth,150,9.0,"Farrell, Kiehn and Keeling",111,2016
"Reaping, The",Horror|Thriller,Trix Halsho,151,9.6,Weimann Inc,129,1996
Race the Sun,Adventure|Comedy|Drama,Jecho McMurtyr,152,2.8,Hackett-Fahey,124,2001
Another Man's Poison,Crime|Drama,Eran Goudge,153,3.3,Roberts-Yundt,130,2014
"Spaghetti West, The",Documentary,Lori Ceeley,154,8.8,Ruecker Group,125,2001
Joan Rivers: A Piece of Work,Documentary,Corbett Skoggins,155,1.1,Witting-Fritsch,115,2000
Minnie and Moskowitz,Action,Haily Sandbatch,156,4.2,Ziemann Inc,131,1995
Big Nothing,Comedy|Crime|Thriller,Arin Millard,157,3.8,"Schmidt, Klocko and Runolfsson",126,2003
"Twilight Samurai, The (Tasogare Seibei)",Drama|Romance,Valentia Embury,158,2.0,Gorczany LLC,115,1999
"Music Man, The",Comedy|Drama|Musical|Romance,Creight Mathen,159,5.2,Thiel Inc,119,2007
Rasputin and the Empress,Drama,Rowney Paschke,160,9.3,"Hintz, Schimmel and Heller",114,2013
Suburbia,Drama,Ofella Fintoph,161,2.8,Bruen Group,123,1996
"Ace of Hearts, The",Crime|Drama|Romance,Karlotte Daughtry,162,2.9,Wuckert-Murray,93,2012
Gallipoli,Drama|War,Roddie O' Kelleher,163,5.8,Sanford-Reichert,108,1999
Neo Ned,Drama|Romance,Rhett Pickton,164,3.2,Torphy-Block,114,2014
Beau Brummell: This Charming Man,Drama,Kari Frediani,165,8.4,Rau-Towne,104,1994
Frozen Days,Drama|Mystery|Thriller,Zacharie Taynton,166,2.7,Dooley-Strosin,123,2011
Just a Kiss,Comedy|Romance,Norris Shulver,167,6.1,Mueller-Hoeger,125,1993
American Psycho II: All American Girl,Comedy|Crime|Horror|Mystery|Thriller,Rockwell McRavey,168,5.4,"Stroman, Bayer and Corwin",101,2000
Dolls and Angels,Drama,Rianon Bagnal,169,1.5,Kling Group,112,2006
Bananas,Comedy|War,Rayshell Cusick,170,7.4,Goldner-Lehner,134,1997
By Dawn's Early Light,Action|Drama|Thriller,Percy Billes,171,8.5,"Conn, Miller and Hammes",122,1990
Swept Away (Travolti da un insolito destino nell'azzurro mare d'Agosto),Comedy|Drama,Clarabelle Heberden,172,6.7,Senger-Anderson,129,2004
"Pit, The",Horror,Sydney Lodge,173,1.7,"Deckow, Heidenreich and Kuhlman",123,2003
Vision Quest,Drama|Romance,Evan Follet,174,4.0,Bogan LLC,111,2005
Dead Tired (Grosse Fatigue),Comedy,Iolanthe Evison,175,4.4,Smitham Group,100,1996
Closing the Ring,Drama|Romance,Flore Frontczak,176,4.0,Herzog Inc,130,2013
"Red Squirrel, The (Ardilla roja, La)",Comedy|Drama|Mystery|Romance,Evanne Aitchinson,177,5.0,Streich LLC,122,2005
"Spoilers, The",Action|Western,Elset Bowley,178,5.7,Prosacco-D'Amore,110,2015
Magic Hunter (Büvös vadász),Drama,Francesca Starking,179,6.6,Quitzon-Bogisich,116,2000
Portraits Chinois,Drama,Robers Vere,180,4.3,"Sipes, Kreiger and Morar",131,2020
"Eye for an Eye, An",Action|Crime|Thriller,Mort Sails,181,5.2,Mueller LLC,107,2012
Cluny Brown,Comedy|Romance,Christan Bront,182,4.9,Witting-Paucek,119,2013
61*,Drama,Terry Okeshott,183,9.2,"Corwin, McDermott and Rice",121,1997
Severance,Comedy|Horror|Thriller,Lay Rubrow,184,9.6,Lesch and Sons,122,2013
Only the Strong Survive - A Celebration of Soul,Documentary|Musical,Una Joblin,185,9.8,"Torp, Thompson and Grady",144,1990
Dragon Ball Z: Wrath of the Dragon (Doragon bôru Z 13: Ryûken bakuhatsu!! Gokû ga yaraneba dare ga yaru),Action|Adventure|Animation,Rafael Dicke,186,2.3,Bashirian-Block,120,2011
MirrorMask,Adventure|Children|Drama|Fantasy,Charla Stanton,187,6.3,"Lesch, Runolfsson and Lubowitz",116,1996
Alexander,Action|Adventure|Drama|War,Leeann Humbie,188,9.4,"Gulgowski, Stamm and Rath",127,2008
Evangelion: 3.0 You Can (Not) Redo,Action|Animation|Drama,Madella Ortler,189,3.7,Morar-Cassin,133,2015
Damn Yankees!,Comedy|Musical,Findlay Tomkins,190,8.7,"Boyer, Auer and Bogan",118,2001
Dirty Dingus Magee,Comedy|Western,Rudiger Grose,191,2.5,Wilkinson Group,120,2005
Looking for Palladin,Comedy,Cynthia Adamski,192,5.9,Kshlerin and Sons,109,1998
Women on the Verge of a Nervous Breakdown (Mujeres al borde de un ataque de nervios),Comedy|Drama,Gaultiero McDonagh,193,8.8,Muller Inc,130,2011
One Flew Over the Cuckoo's Nest,Drama,Delly Thurborn,194,6.7,Tillman Group,120,2014
Detention,Comedy|Horror,Web Mallord,195,3.0,Homenick-Williamson,114,2019
Twisted Nerve,Crime|Drama|Horror|Thriller,Booth Laba,196,4.7,"Wisozk, Considine and Okuneva",117,2002
Wind with the Gone (El viento se llevó lo qué),Comedy|Drama,Lorie Sherborn,197,3.4,MacGyver-Bergnaum,112,2012
Beau Brummell: This Charming Man,Drama,Raynell Reese,198,7.5,Lowe and Sons,124,2009
"Thomas Crown Affair, The",Crime|Drama|Romance|Thriller,Wallie Spirit,199,2.5,Brekke-Olson,104,2007
Bachelor Night,Comedy,Vivyan Garms,200,9.2,Koss and Sons,119,2014
"Night We Never Met, The",Comedy|Romance,Dunc Varran,201,3.0,"Ledner, Rath and Auer",114,2018
Fallen,Crime|Drama|Fantasy|Thriller,Cordi Compford,202,7.3,Waters Inc,122,2011
Snow Day,Comedy,Solly Port,203,3.8,Runolfsdottir Group,123,1990
Legend of the Fist: The Return of Chen Zhen (Jing wu feng yun: Chen Zhen),Action|Drama,Dane Kaley,204,9.0,Kozey-McCullough,108,2001
Lonely Are the Brave,Drama|Western,Brear Poynor,205,2.0,"Renner, Johns and Rau",110,1992
"Moment After, The",Drama|Sci-Fi|Thriller,Viole Dicken,206,7.6,Rolfson Group,103,2016
Quartet,Comedy|Drama,Teddi Cleveland,207,8.2,Wintheiser-Ward,127,1990
Roxie Hart,Comedy,Perl Friedlos,208,9.7,Kuhlman and Sons,124,1997
Quand je serai petit,Drama,Gilles Baterip,209,7.1,Bartoletti-Oberbrunner,119,2017
Anna Karenina,Drama|Romance,Dulsea Olesen,210,3.4,Zboncak-Kilback,101,1993
Israeli Intelligence (Hamosad Hasagur),Action|Comedy,Aharon Dalston,211,4.1,"Upton, Wolf and Rau",122,1992
Religulous,Comedy|Documentary,Martie Kippling,212,1.5,Bruen Inc,114,1994
Black Eagle,Action|Drama,Forrester Warrillow,213,8.5,Morar-Wehner,120,2019
Bitter Feast,Comedy|Horror|Thriller,Freddy MacPherson,214,6.8,"Wilkinson, Schaden and Hudson",119,1997
For Whom the Bell Tolls,Adventure|Drama|Romance|War,Beryle Linton,215,4.8,Cassin Group,117,1991
"Green Slime, The",Drama|Horror|Sci-Fi,Auria Reuther,216,1.2,Dooley-Satterfield,117,2000
Far from the Madding Crowd,Drama|Romance,Chan Blissett,217,8.7,Cartwright LLC,121,2018
"Castle of Sand, The (Suna no utsuwa)",Crime|Mystery|Thriller,Kara Ragsdall,218,5.4,Hirthe-Welch,115,2017
Three Lives and Only One Death (Trois vies & une seule mort),Comedy,Towny Lavrinov,219,3.8,"McClure, Wilkinson and Ondricka",126,2001
Crossroads,Comedy|Musical|Romance,Bartram Raymen,220,2.7,Okuneva Inc,135,2007
"Taira Clan Saga, The (Shin heike monogatari)",Drama,Cos Jozwiak,221,8.6,"Rowe, McGlynn and Larkin",127,2018
300: Rise of an Empire,Action|Drama|War|IMAX,Jobyna Pointin,222,8.8,Williamson LLC,126,2020
Zero Effect,Comedy|Mystery|Thriller,Lebbie Loding,223,8.5,Bayer Group,119,2003
10.000 Km (Long Distance),Drama|Romance,Christean Piscopo,224,6.6,Braun-Padberg,125,2006
"Friend Among Strangers, Stranger Among Friends (Svoy sredi chuzhikh, chuzhoy sredi svoikh)",Action|War|Western,Miranda Berger,225,9.7,"O'Kon, Mosciski and Dibbert",102,2006
Secret Beyond the Door,Drama|Film-Noir|Mystery|Thriller,Georgeanna Rebeiro,226,6.2,"Spinka, Bechtelar and Hand",124,1996
From the Hip,Comedy|Drama,Clare Simson,227,5.0,Schmeler-Stiedemann,110,2008
Gremlins 2: The New Batch,Comedy|Horror,Bird Geill,228,2.7,"Beer, Bergstrom and Fisher",125,2018
Wend Kuuni (a.k.a. God's Gift),Drama,Maxine Clapshaw,229,9.1,Nikolaus LLC,111,1993
Orwell Rolls in His Grave,Documentary,Tootsie Gladdolph,230,6.1,Mann-Shanahan,135,2012
Day of the Dead,Horror|Sci-Fi|Thriller,Kayle Brandenburg,231,6.4,"Bartell, Schiller and Morissette",112,1994
"Agronomist, The",Documentary,Pepillo Zanetti,232,6.8,O'Conner and Sons,122,2000
Brass Target,Action|Drama|Mystery|Thriller,Norrie Tydeman,233,3.1,Christiansen-Powlowski,112,2020
Good Old Daze (Le péril jeune),Comedy|Drama,Quincey Hadaway,234,3.4,Abernathy-Jast,120,1995
"Glass House, The",Drama,Theodosia Moberley,235,8.4,Predovic Inc,122,2000
Redacted,Action|Crime|Drama|War,Thorstein Edson,236,7.1,Raynor Inc,125,2019
Luna Papa,Comedy|Drama|Fantasy,Forest Grogono,237,4.4,"Conn, Lueilwitz and Wilderman",117,2002
Sherlock Holmes Faces Death,Crime|Mystery,Benny Carty,238,9.1,"Heidenreich, Mayer and Botsford",114,2003
Bay of Blood (a.k.a. Twitch of the Death Nerve) (Reazione a catena),Horror,Kristal Dunklee,239,6.0,Grady-Daniel,119,2012
"Tall Guy, The",Comedy|Romance,Bill Mix,240,3.1,Kuhn-Kautzer,124,2008
Men with Brooms,Comedy|Drama|Romance,Townie Georgel,241,4.7,Donnelly LLC,120,2002
"Duchess, The",Drama|Romance,Danette Stork,242,2.8,Parker-Harris,104,2015
Domestic Disturbance,Thriller,Tiebold Simmens,243,3.0,Wolff-Wuckert,117,2019
Red Chapel (Røde kapel),Comedy|Documentary,Dory Ridde,244,1.4,Kohler-Toy,115,2013
In Praise of Older Women,Drama,Burtie Denisovich,245,6.1,Cremin-Davis,112,2014
American Crude,Comedy|Drama,Jenny Sproat,246,3.6,Koss-Auer,129,2007
"Tale of Ham and Passion, A (Jamón, Jamón)",Comedy|Drama|Romance,Kimberley Cornes,247,6.1,"Willms, Howell and Ernser",127,2016
Murder Ahoy,Comedy|Crime|Drama|Mystery,Chaunce Calderon,248,7.2,"Bradtke, Smith and Lebsack",113,1994
Love and Basketball,Drama|Romance,Chantalle Larrosa,249,3.9,"Willms, Torp and Rohan",108,2007
"War of the Roses, The",Comedy|Drama,Martelle Greguol,250,1.7,"Glover, O'Hara and Bernhard",127,2016
Cowboy del Amor,Documentary,Saudra Eves,251,6.4,Watsica-Nicolas,134,2008
Orphans,Comedy|Drama,Bertine Gland,252,9.4,"Muller, Hilpert and Smith",117,2001
Elvis and Anabelle,Drama|Romance,Guglielmo Emsden,253,1.5,"Brakus, Purdy and Swift",113,2013
Burnt Money (Plata Quemada),Action|Crime|Drama|Romance|Thriller,Stern Waltering,254,5.5,"Davis, Kunze and Jerde",126,2005
Fatso,Comedy,Gisela Stampe,255,4.6,Lind Inc,113,1992
New York Lightboard Record,Animation|Documentary,Nedi Twells,256,6.0,Sanford-Conroy,116,2001
Vice,Action|Adventure|Sci-Fi|Thriller,Gaspard Gyenes,257,4.9,"Ratke, Harber and Murazik",119,2006
Deck the Halls,Comedy,Marsh Janas,258,4.9,Feeney Group,116,1990
Funny Ha Ha,Comedy|Drama,Lonny Daily,259,1.2,Mertz-Stracke,115,2001
"Jane Austen Book Club, The",Drama|Romance,Danila Howlett,260,7.6,Weissnat-Crist,113,2014
Shanghai Calling,Comedy|Drama|Romance,Loralie Pinnere,261,7.7,"Goyette, Graham and Turner",125,2003
"Ice Pirates, The",Action|Adventure|Comedy|Sci-Fi,Chick Goldsberry,262,2.0,"Jones, Ward and Gleason",127,1996
Journey 2: The Mysterious Island,Action|Adventure|Comedy|Sci-Fi|IMAX,Storm D'Aubney,263,1.2,Lueilwitz Inc,132,2020
"President's Last Bang, The (Geuddae geusaramdeul)",Comedy|Crime|Drama,Gennifer Marian,264,8.7,Russel LLC,127,2004
Entr'acte,Comedy|Drama,Lucio Simacek,265,5.4,"Gleichner, Johnston and McClure",118,2015
Snowbeast,Horror,Janek Brands,266,1.5,"Howell, Schinner and Kirlin",146,2016
Samsara,Adventure|Drama|Romance,Nikolaus Carous,267,9.7,Blanda-Donnelly,129,2011
Mother Carey's Chickens,Drama|Romance,Granville Baudinelli,268,8.6,Senger and Sons,115,2020
All the Boys Love Mandy Lane,Horror|Mystery|Thriller,Nolan Ballantyne,269,4.5,"Waelchi, Stracke and Blick",130,2007
Meat the Truth,Documentary,Derron Whaymand,270,5.0,Robel-Gorczany,125,1996
Fairhaven,Drama,Karel Merryman,271,2.8,Heller and Sons,121,2007
First Target,Action,Matilde Tong,272,2.7,"Pagac, Ruecker and Feil",102,2008
Danger: Diabolik (Diabolik),Action|Crime|Thriller,Dosi McCrackan,273,2.5,"Raynor, Bradtke and Bednar",107,2013
Fear No Evil,Horror,Benton Ladbrooke,274,2.2,Strosin Inc,124,1992
Bright Victory,Drama,Tiertza Ferenc,275,8.7,"Durgan, Bayer and Cummings",122,1992
"Internet's Own Boy: The Story of Aaron Swartz, The",Documentary,Lydia Freeland,276,1.7,Hayes-Bahringer,129,1999
"Four Seasons, The",Comedy|Drama,Lanette Facchini,277,3.0,Kuphal-Rath,134,2014
Immortal Sergeant,Drama|War,Brett Scedall,278,3.1,"Lesch, Yost and Schulist",116,1998
21 Hours at Munich,Drama,Danit Bynold,279,6.7,Becker-Gibson,116,1996
"Newton Boys, The",Crime|Drama,Terrance Rosebotham,280,8.1,Hintz and Sons,87,2014
Allotment Wives,Crime|Drama|Film-Noir,Laure Botterell,281,3.1,"Cartwright, Spencer and Lind",106,2018
"Times of Harvey Milk, The",Documentary,Edi Maypes,282,8.3,Hahn-Schmidt,111,2020
Eddie,Comedy,Sherm Goalby,283,1.7,Koepp LLC,117,2011
Shoeshine (Sciuscià),Drama,Madelena Burnhard,284,8.6,Borer Group,129,1996
"I'm a Cyborg, But That's OK (Saibogujiman kwenchana)",Comedy|Drama|Romance|Sci-Fi,Arvin Corston,285,8.6,Cronin Group,125,1990
Carlos,Crime|Drama|Thriller,Agnella Gumm,286,9.4,"Considine, Bruen and Tromp",117,2000
After the Sunset,Action|Adventure|Comedy|Crime|Thriller,Christalle Tumbridge,287,6.1,Cummerata-Feeney,112,1993
Without Limits,Drama,Sissie Defond,288,5.6,Harber-Harvey,125,2020
The Last Station,Drama,Orlando Horribine,289,5.2,Batz-Beier,103,1995
S.F.W.,Drama,Christian Halton,290,7.5,Ruecker LLC,114,2020
"Eyes Without a Face (Yeux sans visage, Les)",Horror,Kendricks Pigeon,291,4.5,"Keebler, Tremblay and Rogahn",116,2007
Broken Lullaby (a.k.a. The Man I Killed),Drama,Dick Fadian,292,4.5,Shields-Ernser,127,2001
In the Folds of the Flesh,Drama|Horror|Thriller,Val Lorrie,293,8.1,"Bergnaum, Gorczany and Gleason",116,2000
Route Irish,Drama|Thriller,Leif Riolfo,294,3.7,Hand Group,109,2016
Garden Party,Drama|Romance,Thom O'Scanlon,295,5.6,Kuhlman and Sons,123,1994
Hallåhallå,Comedy,Tim Chidzoy,296,6.2,"Buckridge, Toy and Keeling",127,1995
"Cowboy and the Lady, The",Comedy|Drama|Romance|Western,Roman Bolle,297,4.8,Schimmel and Sons,120,2013
"Gospel, The",Drama,Lian Zorzin,298,3.5,Marks Inc,122,2010
Tekkonkinkreet (Tekkon kinkurîto),Action|Adventure|Animation|Crime|Fantasy,Almeria Mussolini,299,6.5,Rippin LLC,115,1996
"Trials of Muhammad Ali, The",Documentary,Phedra Pauleit,300,6.5,"Quitzon, Treutel and Witting",117,2007
After the Fox (Caccia alla volpe),Comedy|Crime,Shalom Denidge,301,8.7,"Christiansen, Douglas and Farrell",129,2000
Strange Cargo,Drama,Mason O'Cridigan,302,1.7,Graham-Haley,119,2006
"Claymation Christmas Celebration, A",Animation|Children|Comedy|Musical,Trudy Pasterfield,303,1.7,"Lesch, Klein and Schuster",124,2004
Raze,Action|Horror,Debby Maccraw,304,9.3,"Farrell, Douglas and Gorczany",127,2009
Tennessee Johnson,Drama,Atlante Drews,305,10.0,"Heathcote, Will and Donnelly",134,2016
Figures in a Landscape,Thriller,Angele Cannavan,306,2.2,Lockman LLC,115,1993
"Assassination Bureau, The",Action|Adventure|Comedy|Crime|Sci-Fi,Katrina Beckingham,307,9.5,Hessel-Braun,132,2000
Batman Begins,Action|Crime|IMAX,Gabriella Dabourne,308,1.1,Goyette-Kohler,115,1993
Walk on Water,Drama|Thriller,Corrie Norton,309,5.2,Nader-Hahn,131,2002
Someone to Watch Over Me,Action|Crime|Thriller,Olimpia Hinkens,310,6.1,"Cole, Nitzsche and Cruickshank",116,1998
Young People Fucking (a.k.a. YPF),Comedy,Jeremie Yeiles,311,6.9,"Zemlak, O'Connell and Bergstrom",125,2013
Dark Command,Western,Grethel Killingsworth,312,8.6,"Kuhn, Runolfsdottir and Larson",123,2014
"Vampire Lovers, The",Horror,Khalil Tabb,313,8.1,"Lemke, Lynch and Abbott",127,2004
The Suspended Step of the Stork,Drama|Romance,Cleveland Harwell,314,5.1,Sawayn and Sons,130,2007
Ben,Horror|Thriller,Erek Cullum,315,9.2,"Nitzsche, Buckridge and Rosenbaum",115,2017
Back to 1942 ,Drama|IMAX,Trescha Conway,316,1.1,"Wiza, Cronin and Reynolds",112,1995
Seven Up!,Documentary,Stormie Wasmuth,317,3.4,Kuvalis LLC,118,2011
Heatstroke,Thriller,Rivkah Johnigan,318,3.1,Mayer and Sons,125,2000
Robots,Adventure|Animation|Children|Comedy|Fantasy|Sci-Fi|IMAX,La verne Rosling,319,9.0,"Wolf, Hackett and Howe",118,2002
"Black Windmill, The",Crime|Drama,Jacquenetta Benbough,320,3.5,Weber-Schmitt,117,2019
"Sandpiper, The",Drama|Romance,Annamaria Philippault,321,8.2,Ratke LLC,122,2018
Speed Racer,Action|Children|Sci-Fi|IMAX,Seka Crocroft,322,9.2,"Erdman, Johnston and Klein",115,2015
Midnight's Children,Drama,Dillie Yurevich,323,9.3,"Heller, Pollich and McDermott",114,2019
Borgman,Thriller,Irene Antonat,324,7.9,Lemke LLC,127,1992
Kin-Dza-Dza!,Comedy|Drama|Sci-Fi,Kendal Pimm,325,5.7,"Hane, Rogahn and Schneider",105,2002
"Quest, The",Adventure|Children|Drama,Leland Kaiser,326,2.2,Langosh-Davis,141,2011
Jackass Presents: Bad Grandpa .5,Comedy|Documentary,Jorey Bunford,327,6.8,"Kris, Thompson and Stracke",121,2019
Tribute,Drama|Mystery|Romance,Lauri Mallon,328,5.9,Grant-O'Connell,111,2011
Murder by Decree,Mystery|Thriller,Abraham Polley,329,6.5,"Stoltenberg, Hartmann and Morissette",123,2017
My Fellow Americans,Comedy,Morgen Knoton,330,9.5,Swift Inc,115,2014
20 Seconds of Joy,Documentary,Sandy Suffe,331,5.8,"Beier, Nitzsche and Howell",111,2009
Swept Away,Comedy|Romance,Normand Kempe,332,1.9,Kuvalis Inc,105,2010
"Whip Hand, The",Action|Adventure|Crime|Drama|Sci-Fi|Thriller|War,Nessa Eyres,333,7.6,Nolan-Keebler,129,2008
Moonlight and Valentino,Drama|Romance,Cherice Ezele,334,2.2,Mayert-Konopelski,127,2019
Deadly Advice,Comedy|Drama,Cam Carress,335,7.7,Gibson-Parker,131,2002
"General's Daughter, The",Crime|Drama|Mystery|Thriller,Emanuele Duham,336,9.2,"Kling, Murazik and Upton",134,2020
Berserk,Horror|Mystery|Thriller,Sibylle Stiegar,337,8.1,"Aufderhar, Nolan and Morar",124,2003
Brother's War,War,Ariela Beavon,338,5.3,Wiza Group,108,2004
Blow Dry (a.k.a. Never Better),Comedy,Glenda Foynes,339,4.0,Terry-Grant,109,2002
"Sicilian, The",Crime|Drama,Lyle Pollastrone,340,3.3,Jerde-Lockman,139,2015
"Sweeney, The",Action|Crime,Isabel Willett,341,1.5,Towne Group,123,2020
"Girl From Nowhere, The",Drama|Romance,Sandye Reilingen,342,6.2,"Schroeder, Bergnaum and Fritsch",122,1991
Fifty-Fifty (a.k.a. Schizo) (Shiza),Crime|Drama|Romance|Thriller,Austine Baughan,343,8.1,King LLC,126,2019
"Man Who Wasn't There, The",Crime|Drama,Frederique Remirez,344,5.9,Williamson-Cartwright,138,1990
"Importance of Being Earnest, The",Comedy|Drama|Romance,Miquela Esh,345,4.9,Conn-Leuschke,117,2013
Brothers of the Head,Drama,Yehudi Caplen,346,3.9,"McGlynn, Legros and Ferry",131,1994
Broken Sky (El cielo dividido),Drama,Wandis Keyme,347,3.3,Feeney-Skiles,104,2010
Big Sur,Drama,Natalya Broster,348,6.0,"Goldner, Luettgen and Ankunding",109,2014
American Adobo,Comedy,Jamil Corteis,349,7.6,Pollich-Fadel,112,2000
Clara's Heart,Drama,Aluin Nerne,350,6.7,"Gottlieb, Veum and Heller",101,2016
"Koruto wa ore no pasupooto (Colt Is My Passport, A)",Action|Crime|Drama,Jill Willoughley,351,9.4,Macejkovic and Sons,133,2020
"Dinner, The (Cena, La)",Comedy|Drama,Rourke McWhin,352,4.0,"VonRueden, Jones and Hilpert",109,1993
The Lunchbox,Drama|Romance,Bruis Ferres,353,4.4,Stehr-Johns,127,1992
Harry and Tonto,Comedy|Drama,Gibb Johnston,354,1.6,Hamill-Steuber,101,1995
Park Row,Drama|Thriller,Sergent Folli,355,5.2,Mills Group,109,2019
Indecent Proposal,Drama|Romance,Walt Patemore,356,3.2,Berge Inc,115,1993
Way Out West,Comedy|Western,Minerva Kops,357,5.4,Murphy Group,124,2017
Godzilla vs. Mothra (Mosura tai Gojira),Action|Adventure|Fantasy|Sci-Fi,Georgianna Sommerly,358,3.1,Purdy Group,114,2012
"Bat Whispers, The",Crime|Drama|Mystery,Donni Witherup,359,3.9,Beahan-Wilderman,132,2014
Favorite Deadly Sins,Comedy,Yoshi Tether,360,2.2,"Wilderman, Stanton and Johnston",126,2015
Corto Maltese: Under the Sign of Capricorn (Sous le signe du capricorne),Animation|Drama|Romance|War,Cori Corker,361,7.0,"Zieme, Nienow and Hilll",98,2016
Run Silent Run Deep,War,Nicol Ewins,362,5.8,Zieme Group,115,2001
S. Darko (S. Darko: A Donnie Darko Tale),Crime|Mystery|Sci-Fi|Thriller,Tedra Cockshott,363,2.9,"Hodkiewicz, Auer and Schiller",107,2019
"Final Option, The (Who Dares Wins)",Action|War,Calvin Hourihane,364,5.3,"Swaniawski, Bartoletti and Abernathy",119,1990
Chelsea Girls,Drama,Horten Hablet,365,2.0,Gusikowski Inc,106,1992
12 Days of Terror,Drama|Horror|Thriller,Janifer Cowey,366,5.6,Daniel Inc,115,2015
Godzilla and Mothra: The Battle for Earth (Gojira vs. Mosura),Action|Sci-Fi,Diannne Wapplington,367,2.7,Aufderhar-King,125,1993
Def-Con 4,Action|Sci-Fi,Inna Copland,368,7.7,Rohan-Schroeder,113,2004
Parallels,Sci-Fi,Josefina Barnes,369,4.9,"Stokes, Feest and Emard",115,1993
Castle of Blood,Horror,Brocky Kuhl,370,3.7,"Quigley, Torp and Block",108,1993
It Came from Hollywood,Comedy|Documentary,Horacio Samwayes,371,8.4,Ledner Group,105,2009
Alter Egos,Comedy,Holmes Gilardone,372,9.7,"Hirthe, Abbott and Herzog",130,2000
Futurama: Bender's Big Score,Animation|Comedy|Sci-Fi,Woodrow Charles,373,9.2,Hickle-Bartell,112,2010
Ring of Darkness,Horror|Thriller,Imogen Bealing,374,4.5,Kling-Bergnaum,128,2001
Admission,Comedy|Romance,Ertha Wilmut,375,8.4,"Bruen, Effertz and Welch",109,2013
Star Trek: Generations,Adventure|Drama|Sci-Fi,Scottie Giovannardi,376,2.3,"Friesen, Ziemann and Schroeder",106,1995
Happythankyoumoreplease,Comedy|Drama,Camille Joreau,377,1.8,"Heathcote, Ruecker and Tromp",131,2001
Garlic Is As Good As Ten Mothers,(no genres listed),Regine Copland,378,4.6,"Hamill, Paucek and Graham",118,2002
Alex and Emma,Comedy|Drama|Romance,Hazel Grund,379,4.4,Auer-Sporer,115,2000
Tale of the Mummy,Adventure|Fantasy|Horror,Carver Cordova,380,5.9,Marvin-Christiansen,133,2003
Turistas,Adventure|Drama|Horror|Mystery|Thriller,Gates Bezarra,381,1.9,Purdy-Bruen,135,1998
White Nights,Drama,Saloma Standeven,382,8.1,"Kutch, Kautzer and Rodriguez",131,2018
Brother,Action|Crime|Thriller,Novelia Hamp,383,5.0,Kling-Weber,128,1999
"Mighty Macs, The",Drama,Anthiathia Sustin,384,9.8,Kreiger-Swaniawski,121,2001
Midnight Mary,Crime|Drama|Romance,Merissa Allen,385,1.9,Corwin Group,98,2007
The Detective 2,Action,Derward Kibbel,386,8.8,"Feil, Johnson and Homenick",141,2002
Black Hand,Crime|Film-Noir|Thriller,Belva Mallatratt,387,2.9,Quitzon-Flatley,113,1995
Love and Basketball,Drama|Romance,Alberik Hattigan,388,2.5,Leannon-Larkin,121,2017
Piranhaconda,Horror|Sci-Fi,Land Piercey,389,4.5,"Tromp, Stehr and Langosh",144,1994
Twilight of the Ice Nymphs,Fantasy,Emlyn Rainon,390,5.3,"Romaguera, Gutmann and Boyle",126,2017
"Cartoonist: Jeff Smith, BONE and the Changing Face of Comics, The",Documentary,Mina Canton,391,2.7,"MacGyver, Leuschke and Streich",115,2000
Brick Mansions,Action|Crime|Drama,Jakie Destouche,392,8.7,Doyle-Dibbert,119,2008
From Here to Eternity,Drama|Romance|War,Clerissa Gouthier,393,1.6,Shields-Bernier,133,2019
Santa Fe Trail,Drama|Romance|Western,Ailee McOrkill,394,6.2,Crona-Rohan,111,1992
Holes in My Shoes,Documentary,Guido MacCurtain,395,3.2,Berge Group,123,2001
Femme Fatale,Crime|Thriller,Devin Ferrettino,396,5.8,Hodkiewicz-Herman,118,2005
Urban Justice,Action,Tracee Brownlow,397,6.8,"Doyle, Hoeger and Beier",118,2014
"Great Diamond Robbery, The",Comedy|Crime,Rafaelia Acres,398,1.5,Hauck-Kerluke,100,2007
Tender Mercies,Drama|Romance|Western,Nelly Heersma,399,8.6,Hermann-Glover,132,2008
King of Thorn (King of Thorns) (Ibara no O),Adventure|Animation|Horror|Sci-Fi|Thriller,Caron Muscat,400,7.7,"Von, Ondricka and Wilderman",118,2019
All Tomorrow's Parties,Documentary|Musical,Adiana Greener,401,3.3,"Mayer, Witting and Thiel",128,2014
Sixtynine,Drama,Jarred Vandenhoff,402,9.3,"Breitenberg, Mitchell and Luettgen",128,1998
"Matter of Life and Death, A (Stairway to Heaven)",Drama|Fantasy|Romance,Bernie Tock,403,1.0,"Johnston, Bailey and Cremin",111,1992
Lorna,Drama,Herrick Easom,404,7.1,Gislason-Osinski,114,2016
Please Don't Eat the Daisies,Children|Comedy|Musical,Leyla Ghio,405,6.4,Runolfsdottir LLC,114,1994
In Like Flint,Action|Adventure|Comedy,Roy Redwall,406,5.6,O'Conner LLC,121,2015
"Story of Seabiscuit, The",Drama|Romance,Lockwood Paylie,407,9.9,Robel and Sons,130,2020
"Yakuza, The",Drama,Andy Hargroves,408,2.9,"Kohler, Turcotte and Watsica",126,2006
Grace of Monaco,Drama|Romance,Dorotea Ettery,409,4.2,"Kovacek, Schuster and O'Keefe",115,2005
Korengal,Documentary|War,Janaye Raddenbury,410,1.8,"Ruecker, Wilderman and Brown",120,2009
Dragon Ball Z the Movie: The Tree of Might (Doragon bôru Z 3: Chikyû marugoto chô kessen),Action|Adventure|Animation|Sci-Fi,Ninette Cubbin,411,5.9,Hayes Group,123,2006
"Fifth Estate, The",Drama|Thriller,Kore Santen,412,8.5,Grady and Sons,111,2017
"Peace, Love & Misunderstanding",Drama|Romance,Erek Messenger,413,8.6,"Walker, Medhurst and Corkery",118,1993
"Short Film About Love, A (Krótki film o milosci)",Drama|Romance,Kippy Darycott,414,6.9,"Fay, Gislason and Schmeler",123,2007
Alpha Dog,Crime|Drama,Millie Normansell,415,5.0,Kling Inc,124,2004
"Five Minarets in New York (Act of Vengeance) (Terrorist, The)",Drama,Una Gold,416,1.3,Wehner-Anderson,121,2013
"Wild Parrots of Telegraph Hill, The",Documentary,Marin Hartin,417,7.3,Feil LLC,119,1998
Wanted,Action|Thriller,Beau Lipgens,418,7.4,Abernathy-Bode,120,1999
"Last Metro, The (Dernier métro, Le)",Drama|Romance,Kareem Waith,419,6.9,Bergnaum-Reichel,140,1997
Marquis,Drama,Gabbie Coverly,420,4.2,Barton-Gusikowski,121,2001
Bajo la Sal (Under the Salt),Mystery|Thriller,Broddie Oxtaby,421,8.6,Graham and Sons,132,1998
Decoding the Past: Secrets of the Koran,Documentary,Mayer Torns,422,5.3,"Paucek, Cormier and Rice",135,2000
No Flesh Shall Be Spared,Documentary,Finn Baskerfield,423,8.2,Koepp-Barrows,131,2012
Bound by Flesh ,Documentary,Marji Cutsforth,424,1.2,Lebsack-Sporer,121,1996
Do the Right Thing,Drama,Teodor Winckworth,425,7.8,Funk and Sons,125,2001
Asterix and the Vikings (Astérix et les Vikings),Adventure|Animation|Children|Comedy|Fantasy,Dominga Crunden,426,1.5,Langosh LLC,124,2016
Pete Kelly's Blues,Crime|Drama,Elwood Sanham,427,3.2,Wuckert Inc,119,2001
I am Von Höfler (Variation on Werther - Private Hungary 15),Documentary,Annalise Abelovitz,428,6.9,Gerhold-Block,111,2001
Meltdown: Days of Destruction,Action|Sci-Fi|Thriller,Cristine Renals,429,4.4,"Romaguera, Veum and Mayer",127,1993
Waste Land,Documentary,Stern Wixon,430,7.6,Roberts-Buckridge,128,2020
"Last Song, The",Drama|Romance,Adler Kybert,431,9.6,Baumbach and Sons,126,2017
E=mc2,Action|Comedy,Donetta Mansfield,432,9.3,"Predovic, Kunde and Von",118,2013
Atlantic City,Crime|Drama|Romance,Abagail Fearfull,433,8.6,Krajcik-Hills,119,2014
Charlie Chan's Greatest Case,Mystery,Whitney Kenna,434,8.5,"Wilderman, Daniel and Wuckert",122,2003
In the Fog (V tumane),Drama|War,Lynnea Klementz,435,3.6,"Nicolas, Bernier and Hoeger",125,1999
Good Bye (Bé omid é didar),Drama,Tory Rodman,436,7.1,Ziemann and Sons,124,2020
Ken Park,Drama,Luis Sager,437,7.7,Schumm-Boyle,102,1993
"Harvest/La Cosecha, The",Documentary,Zora Stook,438,8.5,Moore-Gislason,125,2016
Journey to the Sun (Günese yolculuk),Drama,Raimund Schutt,439,8.3,Hilpert and Sons,128,2012
Criminal Justice,Drama,Doralynn Duckwith,440,1.2,Lindgren LLC,135,2018
Legends of Oz: Dorothy's Return,Animation|Children|Musical,Ephrem Clemmen,441,6.9,McDermott-Spencer,116,1991
Santa Who?,Comedy|Fantasy,Jakob Wort,442,3.1,"Collins, Ondricka and Prohaska",119,2007
Alien Escape,Horror|Sci-Fi,Egor Swyn,443,5.7,"Koepp, Rau and Swift",125,2004
"Cemetery Club, The",Comedy|Drama|Romance,Stephanus Wixey,444,6.1,Davis-Rodriguez,110,2010
Revenge of the Electric Car,Documentary,Yorgos Halfacre,445,5.3,Walsh-Davis,129,2015
Bad Boy (Dawg),Comedy|Drama|Romance,Cati McGiffin,446,7.4,"Grady, Stark and Dicki",121,1992
Aliens of the Deep,Documentary|IMAX,Dorey Gisbye,447,8.6,"Hammes, Keebler and Nolan",114,2014
Our Hospitality,Comedy,Inger Chittie,448,1.2,"Wisoky, Abshire and Ankunding",105,2009
Haunted Castle,Animation|Horror|IMAX,Kevyn MacKey,449,7.0,Littel-Schroeder,114,2020
Swing Kids,Drama|War,Carilyn Chatan,450,4.8,Turner Group,109,1997
Fire in the Sky,Drama|Mystery|Sci-Fi,Evelyn Fearenside,451,8.7,Schuster-Dickens,126,1997
Diner,Comedy|Drama,Darin Woodwind,452,4.7,Stoltenberg-Rolfson,121,2003
If God Is Willing and da Creek Don't Rise,Documentary,Stevy Shailer,453,8.5,McLaughlin-Brown,105,2016
"April Fools, The",Comedy|Drama|Romance,Dorelle Hegel,454,9.4,Stroman-Keeling,124,2004
"Round Up, The (La Rafle)",Drama|War,Gilbert Castro,455,10.0,"Legros, Schowalter and Beatty",143,2007
Batman: Mask of the Phantasm,Animation|Children,Nowell Dubbin,456,2.1,Adams Inc,125,2000
Invitation to a Gunfighter,Action|Western,Courtnay Chattelaine,457,1.5,Littel-Hickle,119,2005
Showgirls,Drama,Emera Lipscomb,458,9.3,"Wunsch, Stracke and Jacobs",127,2003
Geri's Game,Animation|Children,Nikolai Hayller,459,5.8,"Stroman, Hickle and Von",132,2006
"Red Dwarf, The (Nain rouge, Le)",Comedy|Drama,Tomasina Kik,460,3.3,"Maggio, Emmerich and Kunde",124,1994
Faces of Death 6,Documentary|Horror,Alane Smither,461,4.0,"Stehr, Durgan and Reinger",112,2017
Mondo Hollywood,Documentary,Jacqui Devey,462,4.4,Hahn-Brown,106,2012
"Life Is Rosy (a.k.a. Life Is Beautiful) (Vie est belle, La)",Comedy|Drama,Avrom Wroth,463,4.3,"Morissette, Kling and Halvorson",108,2012
"Nut Job, The",Adventure|Animation|Children|Comedy,Trevar Gravet,464,9.7,"D'Amore, Doyle and Mills",116,2003
Nine Dead,Crime|Mystery|Thriller,Hunfredo Kellough,465,8.2,Homenick-Zieme,135,1994
Roula,Drama,Ailbert Voller,466,2.3,"Hauck, Schulist and Schneider",125,1991
Weight of the Nation,Documentary,Maggy Buick,467,9.1,Heller-Bruen,104,2013
About Elly (Darbareye Elly),Drama|Mystery,Deb Tibbles,468,8.6,Brakus-O'Keefe,109,1998
Mystery on Monster Island,Adventure|Comedy,Verna Branche,469,6.0,Auer-Hand,135,2013
"Man Who Came to Dinner, The",Comedy,Robinia Dudeney,470,6.4,Crona-Muller,122,2017
"Low Life, The",Drama,Kayla Barlee,471,5.7,Senger and Sons,131,2005
Dreams That Money Can Buy,Fantasy,Lindsay Hagstone,472,6.7,"Hauck, O'Conner and Trantow",122,1994
Puckoon,Comedy,Gard Chesman,473,8.0,Gorczany LLC,106,2013
Halloween H20: 20 Years Later (Halloween 7: The Revenge of Laurie Strode),Horror|Thriller,Jemima Gallehawk,474,3.5,"Prohaska, Davis and Walsh",109,2014
"Dead, The",Drama,Chastity Deaves,475,5.6,Marvin Group,125,1992
"Erased (Expatriate, The)",Action|Thriller,Weider O'Gready,476,1.9,Kassulke Group,122,1990
For the Boys,Comedy|Drama|Musical,Jasmine Kidsley,477,7.5,Maggio-Jaskolski,105,1993
Hamoun,Drama,Merry Gookey,478,9.0,"Towne, Sanford and Gutmann",117,1990
"Creature Wasn't Nice, The (a.k.a. Naked Space) (a.k.a. Spaceship)",Comedy|Horror|Musical|Sci-Fi,Karena Beals,479,7.3,"Auer, Hirthe and Runte",130,2019
"Internecine Project, The",Action|Thriller,Donaugh Frantsev,480,9.6,"Lockman, Jacobs and Kemmer",116,2004
Turning Tide (En solitaire),Adventure|Drama,Dierdre Huckfield,481,5.2,Willms-Green,111,2016
"Nutcracker, The",Children|Fantasy|Musical,Alyce Gianneschi,482,1.2,Howell-Corkery,119,2001
Mr. Accident,Comedy,Shanta Gary,483,3.3,Harber Inc,111,1993
"Hobbit: The Desolation of Smaug, The",Adventure|Fantasy|IMAX,Perkin Maffezzoli,484,7.0,"Murray, Gottlieb and Leannon",120,2004
Weird Woman,Drama,Dex Pinckard,485,5.7,Hoppe Inc,130,2008
Mustasukkaisuus,Drama|Romance,Wenona Massel,486,1.7,Lemke LLC,128,2017
Only Angels Have Wings,Adventure|Drama|Romance,Arty Benedtti,487,9.2,Zboncak-Ernser,107,2000
Finding North,Comedy|Drama|Romance,Thorndike Tarrant,488,3.2,Legros-Kovacek,116,1993
Housekeeping,Comedy|Drama,Warren Mashal,489,5.7,Nitzsche-Flatley,116,2016
Prime Suspect,Crime|Drama|Mystery|Thriller,Kerwin Christiensen,490,9.9,Keebler Inc,113,2001
Rise of the Guardians,Adventure|Animation|Fantasy|IMAX,Willetta Bendelow,491,1.2,"Gutkowski, Collins and Pollich",116,1999
Escape from L.A.,Action|Adventure|Sci-Fi|Thriller,Artair Donativo,492,3.4,Smith-Price,117,1993
"Kiss Before Dying, A",Thriller,Catrina De Lisle,493,1.7,Hintz and Sons,131,1999
Relative Fear,Horror|Thriller,Sibley La Vigne,494,7.7,Stehr-Strosin,136,2010
"Conspiracy, The",Horror|Thriller,Meriel Sterrie,495,4.4,Terry-White,128,2001
Three Monkeys (Üç maymun),Drama,Daloris Bramich,496,4.9,Bergstrom LLC,122,2007
"Awful Truth, The",Comedy,Charlotta Greaterex,497,3.5,Kihn-Leannon,145,2015
"Private Life of Sherlock Holmes, The",Comedy|Drama|Mystery,Cherey Dowsett,498,6.0,"Daniel, Becker and Rice",110,2015
Where the Truth Lies,Drama|Thriller,Berti Bowstead,499,6.6,Olson and Sons,130,2015
Click,Adventure|Comedy|Drama|Fantasy|Romance,Melody Whiteside,500,5.3,O'Connell Inc,127,2012
"Boys: The Sherman Brothers' Story, The",Documentary,Hayley Zannotelli,501,3.7,Veum Group,122,1992
Aileen: Life and Death of a Serial Killer,Documentary,Helen Marco,502,3.6,"Wiza, Reilly and Jaskolski",110,2000
Texas Chainsaw Massacre: The Next Generation (a.k.a. The Return of the Texas Chainsaw Massacre),Horror,Fiann Muxworthy,503,8.8,Jacobson-Hilpert,125,1999
Ixcanul Volcano,(no genres listed),Flossie Curnok,504,8.4,"Harber, Boyle and Huels",124,2010
Guest from the Future (Gostya iz buduschego),Adventure|Drama|Sci-Fi,Sabina Buer,505,2.6,Gislason Inc,127,1995
The Horribly Slow Murderer with the Extremely Inefficient Weapon,Comedy|Horror,Baily Frankcombe,506,6.3,"O'Keefe, Kassulke and Kuhn",122,2007
Rio Grande,Romance|Western,Zane Goadby,507,9.0,"Lueilwitz, Cummerata and Waters",148,2013
Pot O' Gold,Comedy|Musical,Kerrin Govern,508,1.8,Hilll-Vandervort,106,2006
"Suspect, The (Yong-eui-ja)",Action|Thriller,Wilhelm Bourget,509,8.1,Kovacek-Huels,121,2016
Gunbuster (Top wo Narae),Action|Animation|Drama|Sci-Fi,Frederigo Awcoate,510,2.8,Kautzer-Sipes,102,2014
Me and My Sister,Comedy,Eileen Clive,511,5.3,"Wintheiser, Jacobson and Hickle",102,2017
"House of Seven Corpses, The",Horror,Taryn Braham,512,3.7,Leuschke-Sanford,130,2006
Ong-Bak: The Thai Warrior (Ong Bak),Action|Thriller,Samantha De Metz,513,4.3,"Hoeger, Veum and Greenfelder",130,2008
"Vida precoz y breve de Sabina Rivas, La (Precocious and Brief Life of Sabina Rivas, The)",Adventure|Drama|Romance,Gaye Gniewosz,514,9.3,Schowalter-Abbott,125,2006
"Thirteen, The (Trinadtsat)",Adventure|War,Madlin Nourse,515,10.0,"Bahringer, Terry and Lebsack",130,1993
Batman Forever,Action|Adventure|Comedy|Crime,Nelly Okenfold,516,1.5,Barton-Bosco,118,2016
Paranoia Agent,Animation|Crime|Drama|Horror|Mystery,Georgetta Clohissy,517,1.4,Jerde Group,118,2009
Eerie Tales (Unheimliche Geschichten),Fantasy|Horror|Mystery,Emalia Backen,518,5.1,Reinger-Medhurst,128,2003
Bionicle 3: Web of Shadows,Action|Adventure|Animation|Children,Lacie Worcester,519,6.1,Schimmel-Kunze,108,2016
Cutie and the Boxer,Documentary,Fredia Idel,520,3.0,Beier Inc,121,2001
Breakin' 2: Electric Boogaloo,Musical,Amerigo Grimsdale,521,5.2,Willms LLC,111,2007
Viva María!,Adventure|Comedy|Western,Koenraad Leech,522,3.4,Schulist-Orn,131,2006
"Matchmaker, The",Comedy|Romance,Gussie Joanaud,523,7.9,Considine LLC,123,1999
Eggs,Comedy|Drama,Charles Manueau,524,7.5,"Beahan, Dicki and Altenwerth",105,1999
Right America: Feeling Wronged - Some Voices from the Campaign Trail ,Documentary,Shirline Yurkiewicz,525,3.1,Hilpert LLC,137,2005
Howl's Moving Castle (Hauru no ugoku shiro),Adventure|Animation|Fantasy|Romance,Shae Linnemann,526,8.0,Shanahan and Sons,133,2017
Fathom,Adventure,Shepherd MacAnespie,527,9.1,Wyman-Kreiger,112,2014
Curly Top,Children|Musical|Romance,Isadora Duchan,528,1.6,Feil-Morissette,113,2002
Ixcanul Volcano,(no genres listed),Kate Margery,529,1.4,"Ebert, Jacobi and Lebsack",137,2011
Godzilla 2000 (Gojira ni-sen mireniamu),Action|Adventure|Sci-Fi,Fania Louedey,530,1.1,O'Reilly-Conroy,104,1995
Zu: Warriors from the Magic Mountain (Xin shu shan jian ke),Action|Adventure|Fantasy|Horror,Denney Boyfield,531,9.6,Powlowski Inc,118,1995
Theodore Rex,Comedy,Hansiain Devita,532,7.5,Kertzmann and Sons,120,2014
Oscar and the Lady in Pink,Drama,Grantham Blazi,533,3.3,"Kassulke, Larkin and Gutkowski",131,2008
Somers Town,Drama,Vernice Adamini,534,2.1,"MacGyver, Gaylord and Lueilwitz",113,2003
Mafioso,Comedy|Crime|Drama,Lockwood Weitzel,535,3.6,Schuppe LLC,106,2018
Cherry 2000,Romance|Sci-Fi,Shirl Flitcroft,536,6.3,Graham-Jerde,119,2003
Masterminds,Action|Comedy|Thriller,Abigale Riediger,537,8.6,Altenwerth-Gutmann,111,1998
"Freshman, The",Comedy,Sully Winslet,538,7.9,Runte LLC,126,2005
Dagon,Fantasy|Horror|Mystery|Thriller,Ilka Macguire,539,5.2,Brown and Sons,130,2014
"Hen, his wife",(no genres listed),Gale Matthieson,540,1.1,Glover LLC,123,1992
"Dead Times (Temps morts, Les)",Animation,Prudy Sibille,541,2.7,Veum LLC,126,1996
Sam Peckinpah: Man of Iron,Documentary,Vonni Mutton,542,9.2,Wolf-Dickinson,124,1994
Victor and the Secret of Crocodile Mansion,Adventure|Children|Mystery,Inglis Branca,543,8.5,Williamson and Sons,118,1990
"Color Purple, The",Drama,Chryste Kelleher,544,6.2,"Welch, Littel and Johnston",123,2016
"Equalizer, The",Action|Crime|Thriller,Maddie Edinburgh,545,9.2,"Ernser, Larkin and Bailey",110,2013
Paris When It Sizzles,Comedy|Romance,Roselin Guirau,546,8.1,Willms Group,133,1997
Fanny,Comedy|Drama|Romance,Ike Kynton,547,7.5,"Yundt, Zemlak and Stamm",134,2009
Dark House,Horror|Thriller,Kile Buey,548,4.0,Brown Group,129,2008
Planet of Snail,Documentary|Drama,Jamil Biesty,549,2.3,"Rohan, Dach and Hintz",128,2011
Hell Up in Harlem,Crime,Dolores Torfin,550,6.7,Wunsch LLC,120,2008
Red Scorpion,Action,Didi Huey,551,9.6,Bogisich-Purdy,112,2001
I'll Do Anything,Comedy|Drama,Elston Klimpt,552,7.1,Ritchie and Sons,113,2013
Happiness,Documentary,Johnna Tomasicchio,553,3.0,"Reichert, Yost and Botsford",115,2004
Love Finds Andy Hardy,Comedy|Romance,Dorthy Crossley,554,9.2,Davis Group,123,1991
Death Defying Acts,Drama|Romance|Thriller,Sharron Zorzutti,555,9.2,Bednar LLC,104,2003
"Lincoln Lawyer, The",Crime|Drama|Thriller,Sibilla Stanlick,556,9.3,Haley LLC,120,1991
Ice Soldiers,Action|Sci-Fi,Ezechiel Sperski,557,5.5,"Trantow, Hansen and Borer",119,1991
Postal,Action|Comedy|Thriller,Hart Pick,558,7.4,Metz-Gleason,131,2008
Ordinary Sinner,Drama|Romance,Cosimo Petriello,559,9.1,Steuber-Emard,122,1991
"Desperate Hours, The",Drama|Film-Noir|Thriller,Nolie Di Filippo,560,4.2,Heathcote Group,136,2013
Looney Tunes: Back in Action,Action|Animation|Children|Fantasy,Erhart Schettini,561,4.0,Dietrich and Sons,131,2010
Man with an Apartment (Czlowiek z M-3),Comedy,Stanwood Vears,562,2.4,Crist-Stehr,124,2009
"Stendhal Syndrome, The (Sindrome di Stendhal, La)",Crime|Horror|Thriller,Phillie Cattini,563,5.9,"Stamm, Nicolas and O'Reilly",121,2000
"Silent Partner, The",Crime|Drama|Thriller,Willamina Domke,564,8.4,"Bailey, Nicolas and O'Reilly",124,2002
Lady and the Tramp II: Scamp's Adventure,Adventure|Animation|Children,Raye Crocumbe,565,3.1,"Wiegand, Mosciski and Wiegand",139,2014
"Men, The",Drama,Tomas Pepperell,566,7.2,Weimann and Sons,134,2017
Love Is Strange,Drama,Rycca Robiot,567,2.6,Blick-Christiansen,140,2017
Maria,Drama,Dallas Chaplyn,568,7.1,"Ernser, Lemke and Roberts",133,2016
Bounce: Behind the Velvet Rope,Documentary,Michele Gelderd,569,6.9,Watsica LLC,136,2001
Maximum Risk,Action|Adventure|Thriller,Zacherie Dowles,570,9.5,Cassin and Sons,120,1994
Roxanne,Comedy|Romance,Derril Bacup,571,5.7,"Schuster, Auer and Stracke",119,2000
Mystery on Monster Island,Adventure|Comedy,Jillie Lutty,572,9.2,"Morissette, Bechtelar and Hauck",118,2015
Win/win,Drama,Ailis Sturmey,573,4.2,Kunde and Sons,141,2000
The Case of the Curious Bride,Comedy|Crime|Drama|Mystery,Flore Haggleton,574,3.6,Legros-Brown,122,1995
Which Way Is the Front Line From Here?  The Life and Time of Tim Hetherington,Documentary,Lindie Mara,575,6.3,"Yundt, Rice and Nicolas",116,2012
Happy Ever Afters,Comedy,Edgard Witten,576,2.4,Welch-Kilback,117,2000
"Enemy of the People, An (Ganashatru)",Drama,Porty Chastagnier,577,1.7,"Kuhn, Gislason and Wyman",115,2008
Rehearsals for Extinct Anatomies,Animation,Cordy Besnard,578,3.8,Lang-Botsford,133,2003
In Your Eyes,Drama|Fantasy|Romance,Kora Yglesias,579,5.9,"Walter, Torp and Schuppe",120,2018
Cherry Blossoms (Kirschblüten - Hanami),Drama|Romance,Gray Romaynes,580,6.3,"Eichmann, Trantow and Satterfield",125,2015
Lulu in Berlin,Documentary,Crawford Faichnie,581,5.1,Shields-Boehm,125,1991
Golden Earrings,Adventure|Romance|War,Boote Tippler,582,2.5,Torp and Sons,123,2018
Goodbye Uncle Tom,Drama,Nariko Angeau,583,8.2,Zboncak-Powlowski,130,2019
"Rebel, The",Action|Drama|Romance,Clare Brotheridge,584,3.1,Fay-Johnson,123,2005
Circle of Eight,Horror|Mystery,Shandra Lippett,585,4.1,Feeney-Okuneva,125,2010
Point of Order,Documentary,Kippie Semrad,586,9.0,"Pouros, Zemlak and Eichmann",121,2010
It's Such a Beautiful Day,Animation|Comedy|Drama|Fantasy|Sci-Fi,Adrien Larimer,587,9.4,Ritchie-Greenholt,121,2002
Brother 2 (Brat 2),Crime|Drama,Jean Garlinge,588,2.9,"Ruecker, Bruen and Klein",114,2016
"Conspirator, The",Drama,Gottfried Stolz,589,9.8,"Dach, Wintheiser and Prohaska",110,2003
Best of the Best,Action,Stephana Ishchenko,590,3.5,Kub-Olson,136,2014
Five Days One Summer,Drama,Bartolemo Beels,591,3.5,"Stracke, Fadel and Rodriguez",111,2004
Tooth & Nail,Drama|Horror|Sci-Fi,Jens Sacks,592,1.1,"Trantow, Rutherford and Boyer",135,2006
Angela,Drama,Orazio Brannan,593,9.5,"Cronin, Walsh and Torphy",97,2020
Love Loves Coincidences,Drama|Romance,Jessa Gantz,594,6.2,"Dach, Hills and Turner",121,1994
Analyze That,Comedy|Crime,Antone Pizey,595,2.6,"Donnelly, Ledner and Yundt",108,2020
Twilight Zone: The Movie,Fantasy|Horror|Sci-Fi|Thriller,Jarrad Westcar,596,5.6,Lemke-O'Connell,140,2020
Sex Ed,Comedy|Romance,Aliza Perello,597,6.3,Stoltenberg-Feest,123,2010
Alvarez Kelly,Western,Mattias McRobert,598,8.4,Ziemann-Ortiz,127,2020
I Am,Documentary,Kenn Winthrop,599,8.1,Bernhard LLC,116,2014
"Four Days in September (O Que É Isso, Companheiro?)",Drama,Marleen Carbonell,600,1.4,"Mills, Blick and Stehr",123,1992
Seaside (Bord de Mer),Drama,Cordelie Petigrew,601,8.2,"Howell, Bosco and Brakus",119,1993
"Rendez-vous d'Anna, Les (Meetings of Anna, The)",Drama,Valida Fattori,602,1.4,Spinka Group,126,1999
Smiley Face,Comedy,Neilla Aiston,603,2.5,Hoeger LLC,124,2006
Ninja Assassin,Action|Crime|Drama|Thriller,Adriena Heyball,604,6.9,"Ritchie, Hammes and Marks",112,2000
"Ballad of Jack and Rose, The",Drama,Gertruda Newberry,605,9.5,Kovacek-Torphy,127,2018
Salut cousin!,Comedy|Drama,Wilone Bartoletti,606,8.7,Rempel LLC,148,1999
Bhowani Junction,Adventure|Drama|Romance,Junette Gilliland,607,4.2,Windler Inc,118,1996
"Chronicles of Narnia: The Lion, the Witch and the Wardrobe, The",Adventure|Children|Fantasy,Justina Collete,608,6.8,"Daugherty, Corkery and Herman",130,1990
Always Outnumbered,Drama,Maegan Pinar,609,2.3,McCullough-Mills,104,2005
Two Guys Talkin' About Girls,Comedy|Drama|Romance,Vivien Reynard,610,2.7,Bins Group,127,2017
"Paleface, The",Comedy,Johanna Gammet,611,5.4,Leannon Inc,124,2006
Killers,Action|Crime|Drama|Thriller,Norine Sudron,612,5.3,"Miller, Barrows and Reynolds",110,2011
Because of Winn-Dixie,Children|Comedy|Drama,Fielding Black,613,4.4,Schmitt-Klocko,109,2008
Chill Out! (Descongélate!),Comedy|Drama,Kirby Rottenbury,614,6.7,"Murphy, Schmitt and O'Connell",117,2011
The Sea Chase,Action|Drama|War,Yard Hovee,615,9.1,"Corkery, Auer and Lehner",105,1994
"Gunfighter, The",Action|Comedy|Western,Zea Sigge,616,4.4,Kris-Goyette,114,1994
Carson City,Action|Romance|Western,Erica Tofanini,617,3.0,Larson-Kassulke,114,2017
"Fatal Hour, The",Crime|Mystery|Thriller,Goldi O'Kieran,618,9.7,Abbott and Sons,115,2003
Little Fockers,Comedy,Melisande De Vere,619,2.0,"Stiedemann, Koepp and Konopelski",126,2012
How to Steal a Million,Comedy|Crime|Romance,Gayla Joisce,620,3.4,"Windler, Jaskolski and Sanford",137,2015
Nazareno Cruz and the Wolf,(no genres listed),Ruy Goard,621,8.6,"Goodwin, Leffler and Robel",123,2004
Dangerous Beauty,Drama,Luigi Wem,622,9.1,"Rowe, Lemke and Howell",135,2012
Jubilee,Drama,Klara Balsdon,623,6.6,Wunsch Inc,118,2014
Lover's Knot,Comedy,Giordano Foort,624,3.9,"Hand, Lind and Prosacco",118,2010
Aquamarine,Children|Comedy|Fantasy,Ange Picton,625,8.4,"Luettgen, Sawayn and Schimmel",127,1997
Between Two Worlds,Action|Adventure|Drama|Fantasy|Mystery,Eugine Najara,626,3.7,"Price, Gerhold and Ritchie",116,2002
Rude Awakening,Comedy,Blinny Canny,627,9.0,Thiel Group,116,2005
Plácido,Comedy,Wilt Corbett,628,7.3,Daugherty Group,111,2009
Memories of Murder (Salinui chueok),Crime|Drama|Mystery|Thriller,Damaris Garnett,629,6.7,"Dickinson, Streich and Braun",110,1992
"Imaginarium of Doctor Parnassus, The",Drama|Fantasy,Denys Fishbourne,630,5.6,Nader LLC,134,1996
Besotted,Drama,Rhodia Meatcher,631,6.9,Howe Inc,123,2007
Fury,Action|Drama|War,Dario Philbrick,632,5.1,Collins LLC,125,2005
The Cyclone,Comedy|Romance,Edgard Jerram,633,9.5,"DuBuque, Swift and Schuppe",119,1993
Fear X,Mystery|Thriller,Walden Dyett,634,4.9,Mohr-Hoeger,123,2000
Asoka (Ashoka the Great),Action|Drama|Romance,Maurine Fleet,635,4.9,"Rowe, Prohaska and Turcotte",130,2019
Gleaming the Cube,Action|Drama|Mystery,Rodi Shafe,636,7.4,Jacobson-Luettgen,114,2002
Communion,Drama|Sci-Fi|Thriller,Izabel Hargess,637,8.8,Harber-McKenzie,121,1996
Du côté de la côte,Documentary,Clementius Gianni,638,9.1,Rogahn-Walsh,133,2010
Torrente 2: Misión Marbella,Action|Comedy|Crime,Rogerio Oats,639,5.1,"Heathcote, Kuphal and Kemmer",125,2018
Playing for Keeps,Comedy,Augustine O'Mailey,640,7.4,"Boyer, Osinski and Graham",121,2013
Stoic,Drama,Karrah Molineux,641,2.1,"Heaney, Zemlak and Barton",128,2011
Fun with Dick and Jane,Comedy,Dulcie Kaming,642,6.6,Kautzer-Kuhic,124,1991
Dr. Horrible's Sing-Along Blog,Comedy|Drama|Musical|Sci-Fi,Mariellen O'Curneen,643,5.2,Ledner-Cummerata,118,1991
Prisoners of the Lost Universe,Action|Adventure|Sci-Fi,Annamaria Vinton,644,3.8,"Braun, Hamill and Lubowitz",121,1995
Benigni,Animation|Comedy|Drama,Bettina Gissop,645,9.9,Cremin-Hahn,122,2018
God's Little Acre,Comedy|Drama|Romance,Fancy Caskey,646,2.9,"Crooks, Dicki and Ortiz",147,2006
"Criminal Code, The",Crime|Drama|Romance,Benetta Ruperti,647,8.4,"Reichel, Waelchi and Weissnat",134,1996
Gray Matters,Comedy|Drama|Romance,Gerianna Roon,648,5.3,"Reilly, Gutkowski and Swaniawski",137,2017
Love Story,Drama|Romance,Gawen Poulsum,649,4.6,Barton Inc,116,2009
Honeydripper,Drama,Floris Chilles,650,7.3,Grant-Abbott,120,2013
The Reunion,Drama,Zsa zsa Hamnet,651,4.5,Macejkovic LLC,105,2008
Source Code,Action|Drama|Mystery|Sci-Fi|Thriller,Philly Yegorkin,652,8.2,"Macejkovic, Monahan and Considine",121,2018
"Not on Your Life (Verdugo, El) (Executioner, The)",Comedy|Drama,Jeannette Atherley,653,8.4,Hills-Zboncak,129,2013
Blonde Ambition,Comedy|Romance,Blinny Masson,654,8.7,O'Kon and Sons,103,1994
Tag: The Assassination Game (a.k.a. Everybody Gets It in the End),Action|Thriller,Katherine Bingley,655,4.5,"McClure, Ziemann and Marks",101,2019
Beyond Rangoon,Adventure|Drama|War,Gerard Buswell,656,5.0,Rosenbaum Inc,133,2005
Bounty Killer,Action|Sci-Fi|Thriller,Aguistin Simkin,657,6.4,"Bartoletti, Krajcik and Nitzsche",120,1993
Closely Watched Trains (Ostre sledované vlaky),Comedy|Drama|War,Ermentrude Graeber,658,7.2,"Reinger, Johnson and Crooks",115,2003
Chop Shop,Drama,Lynne Lattos,659,2.2,Medhurst-Ziemann,106,2012
From Beyond,Horror|Sci-Fi,Magda Odeson,660,5.3,Bahringer-Yost,114,2019
Good,Drama|War,Desiri Fasler,661,2.7,"Kub, Bahringer and Abernathy",127,1991
"Koruto wa ore no pasupooto (Colt Is My Passport, A)",Action|Crime|Drama,Ginger Ferrieroi,662,1.5,Hackett Group,118,2008
"Divorcee, The",Drama|Romance,Tony Coch,663,9.2,Murphy-Wilkinson,125,1996
"Silence of the Sea, The (Le silence de la mer)",Drama|Romance|War,Annabal De la croix,664,3.4,"Morar, Heller and Padberg",120,1995
Casshern,Action|Drama|Fantasy|Sci-Fi,Almeda Hazeldean,665,7.0,Skiles-Swaniawski,134,1999
K-911,Action|Comedy|Crime,Shanon Veare,666,3.1,Okuneva-Simonis,117,2019
"Matrix, The",Action|Sci-Fi|Thriller,Knox Merriott,667,2.9,Mann-Gerhold,123,2019
Parenti serpenti,Comedy,Laurianne Warwick,668,5.4,"Blanda, Brown and Oberbrunner",127,2015
Snow White and the Huntsman,Action|Adventure|Drama,Sharon Lohde,669,9.6,Rohan Inc,121,2016
Basket Case 2,Comedy|Horror,Ashby Peyro,670,5.4,Gleichner Inc,123,1993
"Boat That Rocked, The (a.k.a. Pirate Radio)",Comedy|Drama,Karalee Chese,671,4.9,Emmerich LLC,120,2001
Songs My Brothers Taught Me,Drama,Lillis Umfrey,672,9.1,Klein-Murphy,128,2003
Betty Blue (37°2 le matin),Drama|Romance,Sissie Binner,673,8.2,Corwin-Nitzsche,108,1990
Day Is Done,Documentary,Cassy Pirdue,674,1.5,"Daugherty, Grady and Kunze",119,2008
"Posto, Il",Drama,Aryn Quarrie,675,5.9,Donnelly-Kunze,124,2000
Crawlspace,Horror|Mystery|Sci-Fi|Thriller,Barbette Selesnick,676,4.9,Hauck-Larkin,111,2000
Libeled Lady,Comedy|Romance,Cecil Thorrington,677,2.7,D'Amore Inc,131,2018
Bullet to the Head,Action|Crime|Film-Noir,Domingo Sheringham,678,3.9,Orn-Stracke,117,1990
In Vogue: The Editor?s Eye,Documentary,Bink Rice,679,1.6,"Kautzer, Mitchell and Kilback",134,2020
Chaos Theory,Comedy|Drama|Romance,Vinnie Bebis,680,8.7,Kozey Inc,106,1993
Mockingbird Don't Sing,Drama,Rheba Hurlin,681,5.6,Kassulke-Farrell,116,2000
Of Human Bondage,Drama,Avril Burriss,682,5.1,"Mante, Durgan and Kessler",129,1999
Dr. Phibes Rises Again,Adventure|Comedy|Horror|Romance,Jareb Spratley,683,6.2,"Roberts, Sporer and Conn",138,2013
Let's Get Lost,Documentary|Musical,Shandie Hansford,684,5.9,Lebsack LLC,116,2019
"Hawaii, Oslo",Drama,Durante Castle,685,5.6,Miller LLC,122,1998
Toy Story Toons: Hawaiian Vacation,Adventure|Animation|Children|Comedy|Fantasy,Cristen Sandaver,686,2.8,"Bosco, Hoppe and Wisoky",131,2014
Middle of Nowhere,Drama|Romance,Aurore Tombling,687,8.3,Yost and Sons,122,1992
Natural City,Action|Romance|Sci-Fi,Larine Marrion,688,3.8,"Reilly, Treutel and Will",129,1990
Jean de Florette,Drama|Mystery,Kay Ambrogioli,689,4.1,Okuneva-Lubowitz,116,2013
"Hippie Revolution, The",Documentary,Klarrisa Tassel,690,7.4,"Dooley, Feest and Waelchi",118,2011
Tere Naam,Romance,Hammad Birkhead,691,2.7,Dickinson-Schroeder,129,1997
"Dark Angel, The",Drama|Romance,Myer Buscher,692,8.8,"Dare, Orn and Feeney",110,2012
"Monitors, The",Comedy|Sci-Fi,Bryana Gronauer,693,4.1,Kunze Inc,114,2003
"Asthenic Syndrome, The (Astenicheskiy sindrom)",Drama,Derward Docker,694,6.2,Thiel-Weissnat,116,1994
Mission London,Comedy,Malena Joslin,695,4.9,"Stiedemann, Emard and Halvorson",112,2004
Little Big Man,Western,Ermanno Betjes,696,8.9,"Emard, Stanton and Koch",123,2010
Futurama: Bender's Game,Action|Adventure|Animation|Comedy|Fantasy|Sci-Fi,Tailor Carabine,697,5.7,Greenfelder-Swift,112,2004
976-EVIL II,Horror,Gerick Chelnam,698,4.6,Deckow-Torp,108,1993
Taste of Cherry (Ta'm e guilass),Drama,Neal Perkinson,699,3.3,Kilback and Sons,108,2011
Out Cold,Comedy|Thriller,Quentin Dallender,700,6.4,Langosh-Robel,115,1997
Bad Boys,Crime|Drama|Thriller,Ilene Menham,701,5.3,Hirthe Inc,125,2009
"Littlest Rebel, The",Children|Drama,Ruby Jerzykiewicz,702,9.9,Bauch Inc,129,1992
Man with an Apartment (Czlowiek z M-3),Comedy,Leilah Lecount,703,1.2,Bartell Group,120,2019
Flock of Dodos: The Evolution-Intelligent Design Circus,Documentary,Norina Turfus,704,5.9,Kub Group,119,2014
The Bronze,Comedy|Drama,Carmen Blazy,705,6.5,Dooley Group,131,1992
When the Game Stands Tall,Drama,Tobie Manoelli,706,1.1,Price LLC,124,1997
Anne of Green Gables,Children|Comedy|Drama,Ciro Juara,707,9.6,"O'Hara, Gibson and Schiller",121,2011
In Gold We Trust (600 kilos d'or pur),Adventure,Emmy Dyball,708,1.4,"Vandervort, Trantow and Kozey",113,2007
"Letter to Elia, A",Documentary,Lucky Sigmund,709,9.1,"Lind, Carter and Lebsack",137,1996
Bad Blood (Mauvais sang),Crime|Drama|Romance,Paton Schanke,710,8.0,"Carter, Kuphal and Johns",120,1999
Prime Suspect: The Lost Child,Drama|Mystery,Lalo Valentin,711,5.4,Kunze-Monahan,121,2006
"Unfinished Piece for a Player Piano, An (Neokonchennaya pyesa dlya mekhanicheskogo pianino)",Drama,Russ Booi,712,8.6,Lind Group,128,2008
Offside,Comedy|Drama,Lowell Sturgeon,713,7.0,Kozey Inc,104,1995
Land of the Lost,Action|Adventure|Comedy|Sci-Fi,Brady Elwin,714,7.2,"McLaughlin, Funk and Veum",99,2004
Sinbad: Legend of the Seven Seas,Adventure|Animation|Children|Fantasy,Gaby Buckberry,715,4.5,Dare and Sons,121,2012
Twice in a Lifetime,Drama,Lauri Boyd,716,3.0,Kshlerin-Connelly,118,1992
"Rains Came, The",Adventure|Drama|Romance,Ninnette Bolderstone,717,4.7,Green-Hoppe,114,1994
Summer of Sam,Drama,Fidelio Statton,718,9.9,"Legros, Goyette and Haley",123,2007
Mission: Impossible II,Action|Adventure|Thriller,Corey Winsbury,719,1.8,"Ritchie, Purdy and Skiles",112,2003
In Her Shoes,Comedy|Drama,Fremont Guyonnet,720,7.0,"Macejkovic, Waelchi and Rohan",131,1995
"Dust of Time, The",Drama,Cinnamon Signori,721,7.1,"Mitchell, Kohler and Hand",130,2018
Coffin Rock,Thriller,Prisca Pratton,722,3.7,Torp-Fisher,137,2014
The Haunted House,Comedy,Gregoor Muzzlewhite,723,4.6,Von and Sons,105,2015
Miss Zombie,Horror,Lauretta Chomicki,724,4.8,Maggio-Blanda,113,1992
"Paleface, The",Comedy,Rickie Holton,725,9.4,"Hermiston, Hessel and Brakus",129,2019
"Hangover Part III, The",Comedy,Hubey Culmer,726,8.5,"Hessel, Rodriguez and Kerluke",135,2013
Goya: Crazy Like a Genius,Documentary,Mame Dodsworth,727,3.7,"Grant, Smith and Kessler",116,1996
Police Academy: Mission to Moscow,Comedy|Crime,Beverie Arney,728,6.4,Schulist and Sons,140,2010
The Emperor's Candlesticks,Drama|Romance,Gussi Sayton,729,4.1,D'Amore Group,105,2006
"Heroic Ones, The (Shi san tai bao)",Action|Drama,Tressa Mashal,730,5.4,Rempel Group,126,1990
"Class, The (Entre les murs)",Drama,Charlie Pitkeathley,731,5.1,"McClure, Kovacek and Durgan",105,2003
Promised Land,Drama,Asia Baxstare,732,3.2,Corwin Inc,102,2004
Mean Guns,Action|Crime|Thriller,Aurore Monks,733,1.2,"Beier, Hilll and Gleason",133,2009
Stuck on You,Comedy,Betsey Tasseler,734,7.9,Daugherty-Hahn,124,1998
Hitman Hart: Wrestling with Shadows,Documentary,Leroi Dundon,735,3.8,"Heidenreich, Hudson and Herzog",119,1998
Lies and Illusions,Action|Comedy|Thriller,Janetta Egdale,736,5.7,"VonRueden, Zboncak and McCullough",108,1996
"Girl Who Played with Fire, The (Flickan som lekte med elden)",Action|Crime|Drama|Mystery|Thriller,Bamby Zupa,737,8.0,"Bradtke, Windler and Douglas",123,2007
Pawn Shop Chronicles,Action|Comedy,Kasey Eustanch,738,9.8,Auer Group,119,1992
"Flintstones in Viva Rock Vegas, The",Children|Comedy,Morten Fishpond,739,8.4,Dicki-Keeling,124,1991
"Pajama Game, The",Comedy|Musical|Romance,Kimberly Bulcroft,740,5.0,Donnelly-Gleichner,110,2011
Spiritual Kung Fu (Quan jing),Action,Peggie Houlton,741,6.9,Watsica-McKenzie,124,2013
Sherlock Holmes: Terror by Night,Crime|Mystery|Thriller,Logan Gerb,742,9.1,"Runolfsson, Feest and Wunsch",111,1993
American History X,Crime|Drama,Yolanthe Titcombe,743,9.5,Schiller-Torphy,114,1994
Zizek!,Documentary,Esta Cyphus,744,7.2,Kuvalis-Wiegand,121,2004
"Sommer der Gaukler, Der",Comedy,Brennan Kervin,745,9.8,Cummings Group,127,1994
Tentacles (Tentacoli),Horror|Sci-Fi|Thriller,Maxine Winram,746,3.3,"Heaney, O'Hara and O'Reilly",106,2016
Xtro 2: The Second Encounter,Horror|Sci-Fi,Findlay Rewcassell,747,9.7,Romaguera Group,115,2007
Sprung,Comedy,Lenard Jeffs,748,5.8,Hudson Group,123,2016
XX/XY,Drama|Romance,Cristie Oddboy,749,6.4,Harber and Sons,123,2012
Susan Lenox (Her Fall and Rise),Adventure|Drama|Romance,Orlan Whisby,750,6.6,"Daniel, Deckow and Kirlin",143,2006
5 Against the House,Crime|Drama|Film-Noir,Claudia Winspur,751,3.5,Pacocha-Mosciski,105,2013
"Three Lives of Thomasina, The",Children|Drama,Heinrick Bridewell,752,5.8,"Fadel, Senger and Brown",125,2000
Barabbas,Drama,Skell Martygin,753,2.4,"Bernier, Green and Wyman",115,2007
Nina's Heavenly Delights,Comedy,Elsey Offa,754,5.0,"Koss, Feeney and Franecki",114,1998
Zero Charisma,Comedy|Drama,Mag Gamet,755,6.6,Rath LLC,116,2005
Docking the Boat (Att angöra en brygga),Comedy|Drama|Romance,Stefanie Mollon,756,8.8,"Kessler, Nienow and Walsh",111,2012
"Secret of My Succe$s, The (a.k.a. The Secret of My Success)",Comedy|Romance,Sianna Killingsworth,757,9.8,Schuppe-Kreiger,119,2012
Love Letters,Drama|Mystery|Romance,Agretha Stutte,758,9.6,Nitzsche-Kunde,127,1999
Over the Top,Action|Drama,Agata Over,759,1.1,"Rau, Tromp and Von",115,2017
Isadora,Drama,Halsy Goadsby,760,2.5,Littel-Veum,120,2008
Krull,Action|Adventure|Fantasy|Sci-Fi,Berget Allchorn,761,3.2,Bergstrom-Brown,117,2012
Cheerleader Camp,Comedy|Horror|Mystery,Ariel Dyet,762,1.4,Hane-Sanford,108,2004
Confessions of a Teenage Drama Queen,Comedy,Bevan Gillani,763,5.8,"Mitchell, Dietrich and Lebsack",114,1992
Get Carter,Action|Crime|Drama|Thriller,Olivero Hammand,764,2.0,"Armstrong, Welch and Reilly",129,2002
Life of Crime,Comedy|Crime,Paulie Graffin,765,9.0,Corkery LLC,116,2003
"Marc Pease Experience, The",Comedy|Drama|Musical,Tracy Rodliff,766,7.6,McCullough and Sons,108,1996
"Return of the Living Dead, The",Comedy|Horror|Sci-Fi,Emmalee Guerreau,767,6.1,Marks LLC,113,1997
Dark Blue,Action|Crime|Drama|Thriller,Justinian Dillingston,768,7.9,Hagenes-Johns,112,2011
Amelia,Drama,Kenn Murrhaupt,769,5.5,"O'Connell, Connelly and Paucek",124,2001
Harvie Krumpet,Animation|Comedy|Drama,Debi Burnes,770,5.8,Sipes-Weissnat,132,2020
"Man on the Roof, The (Mannen på taket)",Action|Crime|Drama|Thriller,Jolyn Eskriet,771,2.1,"Greenfelder, Klein and Hills",124,2009
Aladdin,Adventure|Fantasy,Dewitt Eivers,772,6.8,"Labadie, Blick and Lesch",108,1998
L!fe Happens,Comedy,Myrtia Mallatratt,773,3.1,"Skiles, Runolfsson and Hodkiewicz",118,2004
Hitman's Run,Action,Maurene Got,774,7.7,"Torp, Rutherford and Stoltenberg",122,2006
"Asphalt Jungle, The",Crime|Film-Noir,Andre Royan,775,1.5,Treutel-Lindgren,133,2014
"So Normal (Normais, Os)",Comedy,Isac Blewett,776,6.1,Zemlak-Padberg,112,1996
In Bloom (Grzeli nateli dgeebi),Drama,Kimberli Mungham,777,5.2,Harvey LLC,136,1990
Thirteen Ghosts (a.k.a. Thir13en Ghosts),Horror|Thriller,Hurleigh Brahmer,778,1.1,"Pfannerstill, Spencer and Cartwright",116,2013
Congorama,Comedy|Drama,Cam Walster,779,7.3,Nicolas LLC,111,1995
Brooklyn's Finest,Crime|Drama|Thriller,Sibyl Doyley,780,6.3,Carroll-Fritsch,123,2020
"Duellists, The",Action|War,Rowe Lowle,781,9.0,Greenfelder-Hartmann,115,1992
Neighbouring Sounds (O som ao redor),Drama|Thriller,Pascale Frantzeni,782,5.7,"Miller, Nicolas and Becker",129,1992
Bad Company,Action|Crime|Drama,Dawn Cooke,783,5.2,Kassulke and Sons,124,1996
Tom Horn,Western,Bonita Hurlin,784,6.9,Morar-Kuhlman,121,2018
Harlan: In the Shadow of Jew Suess (Harlan - Im Schatten von Jud Süss),Documentary,Jo Venditti,785,8.7,Huel and Sons,105,2009
"Lost Missile, The",Sci-Fi,Noelle MacComiskey,786,2.8,Jacobi-Krajcik,134,2015
Gypsy,Musical,Rice McConnulty,787,6.8,Bogan Group,126,2004
Tall Story,Comedy,Martino Ferencz,788,7.4,Johnson LLC,105,2007
"Goat, The (a.k.a. Knock On Wood) (Chèvre, La)",Comedy,Ciel Monnoyer,789,6.7,Haley and Sons,98,2001
Away We Go,Comedy|Drama|Romance,Casi Broske,790,6.1,"Schulist, Buckridge and Lueilwitz",134,2003
Until the End of the World (Bis ans Ende der Welt),Adventure|Drama|Sci-Fi,Daron Snawden,791,1.5,"Larkin, Yundt and Rippin",125,2009
Katyn,Drama|War,Deanne Lindl,792,1.3,Kutch-Conn,110,2005
"Silent World, The (Le monde du silence)",Documentary,Ray Wildor,793,2.1,"Langworth, Morissette and Terry",105,2000
The Little Polar Bear: Lars and the Little Tiger,Animation|Children,Madeleine Chanson,794,7.2,Carroll and Sons,123,2015
Je préfère qu'on reste amis,Comedy|Drama|Romance,Tate Stratz,795,5.5,Deckow Group,127,2019
Bad Luck Love,Crime|Drama,Peggy Conkey,796,1.1,"Morar, Rutherford and Schmitt",119,1999
"Ballad of Ramblin' Jack, The",Documentary,Leslie Huggins,797,8.5,Daugherty-McGlynn,135,2013
"King and I, The",Animation|Children,Myles Genery,798,1.7,Hirthe-Cole,127,1999
Winnie the Pooh and the Honey Tree,Animation|Children,Viola Murrigans,799,9.9,Gerhold-Mosciski,120,2003
Cobb,Drama,Isidora Luty,800,8.2,Eichmann Inc,149,2010
Grace,Drama|Horror|Thriller,Felicle Boxhill,801,5.0,Thiel and Sons,110,2008
The Gilded Cage,Comedy,Kellen Ing,802,4.5,Schaefer-Bradtke,127,2009
The Indifferent Beauty,(no genres listed),Fina Antoniou,803,9.6,"Schimmel, Schimmel and Powlowski",104,2007
Marjorie Morningstar,Drama,Hestia Pemble,804,7.0,Windler Inc,126,2016
"Field, The",Drama,Pia Standbridge,805,1.7,McClure-Bailey,115,2014
Vinyan,Drama|Horror|Thriller,Jarib Tingey,806,1.8,Christiansen Group,115,1996
Partners in Crime (Associés contre le crime...),Comedy|Crime,Giffie Whall,807,4.9,Bashirian Inc,110,2017
Saps at Sea,Comedy,Merridie Bould,808,2.1,Pollich Inc,130,2010
Crazy Beautiful You,(no genres listed),Lanny Sibbs,809,7.0,"Fahey, Mitchell and Vandervort",120,2005
Cosmopolis,Drama,Diego Steptowe,810,5.6,Reichert-Ullrich,109,2005
Erasing David,Documentary,Lambert Gert,811,3.1,Ward LLC,131,1993
Before Midnight,Drama|Romance,Abey Bains,812,4.3,"Green, Ledner and Fadel",114,1990
Kairat,Drama,Baillie Wannell,813,3.0,"Kirlin, Abernathy and Wolff",127,2016
Blue Denim,Drama,Randal Woonton,814,3.1,"Marvin, Bogisich and Shields",115,2016
"Innocent Affair, An (Don't Trust Your Husband) (Under Suspicion)",Comedy,Raviv Klimentyev,815,7.6,Walter Inc,114,1993
Crime Spree,Comedy|Crime,Jany Redmore,816,6.0,Dicki-Jacobson,125,1996
"Toll of the Sea, The",Drama|Romance,Kalie Whittet,817,3.6,Bahringer-Corkery,128,1997
Performance,Crime|Drama|Thriller,Donetta Wybern,818,8.3,Purdy-Roob,105,2017
"World According to Monsanto, The (monde selon Monsanto, Le)",Documentary,Audrye Keat,819,5.3,Satterfield and Sons,138,2012
On the Waterfront,Crime|Drama,Arlie Fasson,820,2.7,Bogisich and Sons,127,2013
No Rest for the Brave (Pas de repos pour les braves),Comedy|Drama|Romance,Adolph Teece,821,1.1,"Goyette, Feeney and Walsh",116,2018
"Pact, The",Horror|Mystery|Thriller,Adolphus Ching,822,5.6,Welch-Konopelski,123,1999
Numbskull Emptybrook in the Army (Uuno Turhapuro armeijan leivissä),Comedy,Maddi Eytel,823,1.2,Nitzsche-Howe,129,2001
Five and Ten,Romance,Tyrus Culbert,824,6.2,"Hammes, Rowe and Jacobs",126,2007
Immensee,Drama,Sigfrid Hedylstone,825,1.4,Crist-Leannon,114,1999
One Kill,Crime|Drama,Bambi Maes,826,3.9,Shanahan-White,117,2019
"World Moves On, The",Drama|Romance|War,Malynda Posselt,827,1.7,"Eichmann, Marks and Rutherford",107,2015
Queen Sized,Comedy|Drama,Jermayne Denial,828,7.3,"Walsh, Dach and Hand",120,1999
Women Aren't Funny,(no genres listed),Petra Dreghorn,829,9.2,Osinski-McGlynn,119,1990
To Encourage the Others,Drama,Marlo Persicke,830,4.9,Daugherty Group,103,2019
Charlie Chan in the Secret Service,Comedy|Crime|Mystery,Damara Belfelt,831,8.4,Dietrich-Hand,136,2004
Beloved,Drama,Kathie Jouanet,832,4.9,Monahan LLC,108,2016
Hell's Angels,Drama|War,Riannon Ricardet,833,2.0,"Adams, Cremin and Grant",100,2002
"Day the Sun Turned Cold, The (Tianguo niezi)",Drama,Winn Brisset,834,3.1,"Kuphal, Shanahan and Bashirian",129,1998
Camouflage (Barwy ochronne),Comedy|Drama,Robbert Hailston,835,5.0,Hand-Bosco,129,1998
Best Seller,Thriller,Odelia Hunting,836,6.6,"Gottlieb, Heathcote and Kulas",125,2017
The Wrecking Crew,Documentary,Maggie Brosel,837,7.1,Fahey Inc,122,1991
Cherry Tree Lane,Horror|Thriller,Bentlee Pulman,838,6.9,Gleason Group,117,2007
The Night That Panicked America,(no genres listed),Pru Nevett,839,4.6,Kutch-Crooks,117,1995
"Wedding Night, The",Drama|Romance,Wainwright Vinau,840,5.9,"Ruecker, Kilback and Cormier",132,2006
Julian Po,Comedy|Drama,Dolorita Joslow,841,8.4,Goodwin-Osinski,117,1998
"Young Black Stallion, The",Adventure|Children|Drama,Lena Hannen,842,6.8,Koss-Williamson,112,2011
Everlasting Moments (Maria Larssons eviga ögonblick),Drama,Elbertina Brimham,843,4.0,Walker Group,110,2002
Colonel Redl (Oberst Redl),Drama,Beth Carlo,844,6.2,Bashirian-Frami,115,2017
That's Life!,Drama,Tonya Kobiela,845,2.8,"Koss, Schiller and Frami",129,2007
BBOY for LIFE,Adventure|Crime|Documentary|Drama,Atlante Robertz,846,9.5,Collier LLC,129,1995
Grace Is Gone,Drama,Fey Strathern,847,3.5,Langworth-Cruickshank,121,2001
Predictions of Fire (Prerokbe Ognja),Documentary,Carmina Rubinow,848,8.2,Goodwin Group,126,2019
Getting It Right,Comedy|Drama,Rollin Lavall,849,2.1,"Hoppe, Mueller and Torphy",119,1999
Faithless,Drama,Pamella Jenoure,850,8.6,"Gusikowski, Stokes and West",123,2001
"Same River Twice, The",Documentary,Ros Labeuil,851,1.8,Bauch Inc,128,2007
Brokedown Palace,Drama,Laetitia Grassett,852,7.9,"Mann, Steuber and Kirlin",127,2012
Bad Company,Action|Comedy|Crime,Elbertine Roddick,853,5.5,"Leannon, Blick and Senger",112,2014
Cesar Chavez,Drama,Shoshanna Brislawn,854,7.3,Kuphal-Wunsch,125,1991
Stuff and Dough (Marfa si banii),Drama,Turner Keningham,855,6.1,Pfeffer and Sons,109,2003
Remote Control,Comedy|Drama,Herold Fewkes,856,4.0,Murray-Rice,113,2020
"Public Eye, The (Follow Me!)",Comedy,Conn Kelemen,857,5.2,Weber-Lesch,126,1992
"First Grader, The",Drama,Ileana Toffanelli,858,9.1,Schuster and Sons,130,2006
Swing Kids,Drama|War,Patty Duny,859,5.9,Marvin LLC,118,2013
SOS - en segelsällskapsresa,Comedy,Leigha Fearnside,860,7.7,Nicolas-Wisozk,123,1995
Sade,Crime|Drama,Bev Melson,861,8.3,Murazik-Rohan,124,1991
Desert Saints,Action|Thriller,Ailbert Giffen,862,6.9,Hagenes Inc,123,2007
"Adventures of Baron Munchausen, The",Adventure|Comedy|Fantasy,Elita Orts,863,5.9,"Bartoletti, Lueilwitz and Greenfelder",117,1998
Something Wild,Comedy|Crime|Drama,Kit Rembrant,864,5.9,Cassin and Sons,127,2002
Johnny Cash at Folsom Prison,Documentary,Roldan Girone,865,1.3,Kling-Lynch,130,2020
Cheetah,Adventure|Children,Archy Belcham,866,4.8,Beier Group,116,1997
"Cross of Lorraine, The",Drama|War,Saba de Guise,867,7.5,"Haag, Keeling and Lebsack",122,2012
Prospero's Books,Drama|Fantasy,Gavrielle Bebbell,868,2.1,Hammes-Rath,117,2006
Gigi,Comedy,Catriona Skim,869,9.0,Schowalter LLC,113,1996
"Black Coal, Thin Ice (Bai ri yan huo)",Crime|Drama|Mystery|Thriller,Felicio Dykins,870,6.1,Emard LLC,123,2008
What Will You Do When You Catch Me? (Co mi zrobisz jak mnie zlapiesz?),Comedy|Crime,Rube Bradden,871,2.8,Turcotte Group,127,2018
Porgy and Bess,Drama|Musical|Romance,Friedrich Snare,872,6.1,Gleason LLC,134,1991
Holy Rollers,Crime|Drama,Helaine Douthwaite,873,3.0,"Bashirian, Kling and Ziemann",134,2015
Jade Warrior (Jadesoturi),Action|Adventure|Drama,Aurel Brownlea,874,1.4,O'Keefe LLC,122,1998
Main Prem Ki Diwani Hoon,Comedy|Drama|Romance,Samaria Reedie,875,3.4,"Jast, Pfeffer and Carroll",129,1993
"Corridor, The (Koridorius)",Drama,Sher Mustoo,876,9.8,Mann-Reichel,106,2019
Diary of a Madman,Horror,Clay Dennant,877,1.7,McClure Group,126,2019
"Mackintosh Man, The",Action|Drama|Thriller,Sherwynd Bain,878,6.4,Yundt Group,130,2007
God Save the King,Comedy|Drama|Romance,Rhys Dorward,879,3.1,"Ferry, Hahn and Abernathy",110,1993
"Shaggy D.A., The",Children|Comedy,Leslie Cutteridge,880,8.6,"McCullough, Wyman and Fadel",133,2011
"Shining, The",Horror,Ali Ubee,881,7.0,"Windler, Lowe and Hand",140,2016
"Musketeer, The",Action|Adventure|Drama|Romance,Clarence Antrobus,882,1.2,Ward-Wolf,129,2018
Little Witches,Horror|Thriller,Veronique Obeney,883,9.1,Rodriguez and Sons,116,1995
Road House,Drama|Film-Noir,Kathrine Livesley,884,9.4,Upton Inc,115,2018
Crossfire Trail (Louis L'Amour's 'Crossfire Trail'),Action|Western,Edi Derobert,885,1.8,Bailey LLC,119,2011
"Car 54, Where Are You?",Comedy,Aldridge Abba,886,1.9,"Swaniawski, Lehner and Fadel",121,2006
Evil Aliens,Comedy|Horror|Sci-Fi,Rozina Rittmeyer,887,8.5,Connelly-Hoeger,116,2019
"Two Mrs. Carrolls, The",Crime|Drama|Film-Noir|Thriller,Leese Wardhaugh,888,3.9,Mraz-Gibson,125,2020
Madison,Drama,Dottie Brazil,889,2.7,Hegmann-Koelpin,120,1990
"Scarlet Dove, The (Tulipunainen kyyhkynen)",Drama|Mystery|Thriller,Levey Dinsey,890,4.1,"Rosenbaum, Hahn and Yost",114,2005
Eccentricities of a Blonde-haired Girl (Singularidades de uma Rapariga Loura),Drama|Romance,Tawnya Nettleship,891,5.0,Kassulke Group,120,1999
JFK,Drama|Mystery|Thriller,Michal Dakhov,892,9.4,"Kozey, Heller and D'Amore",106,2001
Kilometre Zero (Kilomètre zéro),Drama|War,Benton Rosi,893,4.5,Runolfsson Inc,108,1992
Code Unknown (Code inconnu: Récit incomplet de divers voyages),Drama,Mordy Donaway,894,1.9,"Doyle, Watsica and Johnston",121,1993
Black or White,Drama,Carlie Grieve,895,2.8,"Gutkowski, Torp and Haag",109,2017
Erik the Viking,Adventure|Comedy|Fantasy,Idette Cornes,896,1.8,"Wolf, Schmidt and Beahan",125,2010
"Letter to Elia, A",Documentary,Stan Arthars,897,8.8,Larson-Hirthe,140,1990
Frisco Jenny,Drama,Tamas Clutten,898,2.5,White-Heaney,98,2017
"Boys & Girl from County Clare, The (a.k.a. The Boys from County Clare)",Comedy|Musical|Romance,Cele Bretelle,899,1.7,Tromp and Sons,119,1996
Murder in Coweta County,Crime|Drama,Gaile Cullinan,900,8.9,Graham Group,122,2000
Identification Marks: None (Rysopis) ,Drama,Juanita Taverner,901,4.6,"Effertz, Kshlerin and Gulgowski",131,2002
"Apple, The",Musical|Sci-Fi,Gates Schofield,902,2.9,"Morissette, Koelpin and Bauch",129,2010
Dead Snow (Død snø),Action|Adventure|Comedy|Horror,Lusa Venton,903,6.3,"Larkin, Volkman and Funk",114,1992
Thunderbird Six,Action|Sci-Fi,Sybilla Kuhlen,904,6.8,Larkin-Effertz,128,1994
Kidnapped,Adventure|Children|Drama,Amalia Gann,905,1.5,"Larson, Kihn and Bayer",111,2020
Westward Ho,Drama|Western,Lorette Renton,906,2.7,"Conroy, Breitenberg and Ziemann",109,2011
Big Top Pee-Wee,Adventure|Children|Comedy,Kristi Tinwell,907,4.6,Stracke Group,105,2000
"Eddy Duchin Story, The",Drama|Musical|Romance,Lloyd Duckit,908,2.5,Walsh LLC,136,1990
Ruby,Crime|Drama,Iris Filer,909,7.2,Howe-Wilkinson,107,2007
Beyond the Sea,Drama|Musical,Rudyard Trawin,910,8.8,"Effertz, Hyatt and Tremblay",111,1999
St. Elmo's Fire,Drama|Romance,Maegan Wyd,911,6.6,Cartwright-Tremblay,118,2005
Kivski Freski,Drama,Lyndsay Lachaize,912,5.7,"Dickinson, Gutmann and Nienow",112,2007
Central Park,Documentary,Carlie Chipp,913,1.6,Bayer-Strosin,127,2013
Princess Yang Kwei Fei (Yôkihi),Drama|Romance,Mikey Kalderon,914,2.3,O'Conner Inc,118,1993
Pharaoh's Curse,Horror,Zaria Billison,915,5.1,"Bergstrom, Pollich and Kihn",118,2015
There Will Be Blood,Drama|Western,Francisco Rangall,916,2.3,Shields-Kunde,113,2002
Hunk,Comedy,Loella Slowly,917,6.5,"Effertz, Bernier and Fadel",111,2006
Serial,Comedy,Gloriane Augar,918,3.9,Gleason Inc,107,2020
Closing the Ring,Drama|Romance,Leann McIan,919,5.7,Hayes and Sons,112,2003
Lady in the Lake,Crime|Drama|Film-Noir|Mystery|Romance,Darbee Wakley,920,1.1,Morar-Kulas,128,2011
"Whale, The",Documentary,Haydon Sawell,921,9.1,"Erdman, Hirthe and Ferry",124,2002
City Limits,Action|Sci-Fi,Sig Cund,922,8.0,Green-Gerlach,131,1995
Blood Out,Action,Libbie Pendlington,923,4.7,Fritsch Group,126,2002
Repo Man,Comedy|Sci-Fi,Casey Prestwich,924,3.5,Herzog-Stoltenberg,119,2011
Jersey Girl,Comedy|Romance,Graig Peller,925,6.5,Macejkovic Group,121,2015
Kolka Cool,Comedy|Drama,Gris Karchowski,926,5.9,Beer and Sons,116,1991
Robin and Marian,Adventure|Drama|Romance,Briano Bertholin,927,8.9,"Larson, Corwin and Schaden",124,2013
Get the Gringo,Action|Crime|Drama|Thriller,Durward Sliman,928,1.3,"Weimann, Ledner and Treutel",126,2003
Ender's Game,Action|Adventure|Sci-Fi|IMAX,Francyne Crippell,929,3.2,Turner-Gorczany,118,2001
Tales of the Grim Sleeper,Crime|Documentary,Stephani Spellard,930,2.5,"Runolfsdottir, McCullough and Auer",120,2019
Liberty,Comedy,Trumann Ruffy,931,8.2,Bradtke Inc,134,2001
Calle 54,Documentary|Musical,Stearne Bartzen,932,2.8,"Jakubowski, Sauer and Beier",140,2005
"Fly, The",Drama|Horror|Sci-Fi|Thriller,Donna Fall,933,7.0,Jenkins-Sipes,117,1998
Criminal Lovers,Crime|Drama|Romance|Thriller,Mordecai Brockie,934,7.0,"Bogan, Schmidt and Runte",132,2009
Agent Cody Banks,Action|Adventure|Children|Fantasy,Esmeralda Snar,935,4.2,Volkman-Denesik,128,2014
"Silent World, The (Le monde du silence)",Documentary,Anabal Learmont,936,3.8,Cruickshank Group,106,2012
Coming to America,Comedy|Romance,Ev Dowglass,937,2.0,Bashirian LLC,113,2008
Return to the 36th Chamber (Shao Lin da peng da shi) ,Action|Comedy,Maryrose Foyston,938,9.6,"Thompson, Wunsch and Hoeger",116,2016
Tideland,Drama|Fantasy|Thriller,Daryle Divers,939,5.9,Boyle-Mante,121,2007
Godzilla vs. Mechagodzilla II (Gojira VS Mekagojira),Action|Drama|Sci-Fi,Reinhold Overstreet,940,5.2,Kunze and Sons,110,2012
Blood into Wine,Documentary,Caldwell Manie,941,3.7,"Rau, Cruickshank and Mayer",107,2018
Joe Kidd,Western,Berni Rupprecht,942,1.1,Zboncak-Runolfsdottir,123,2012
Finder's Fee,Drama|Thriller,Cletus Burchill,943,6.7,Kohler-Bartell,105,1990
Falling Down,Action|Drama,Maddalena D'Emanuele,944,1.6,Schmitt-Klein,98,2005
Beloved (Les bien-aimées),Drama|Musical|Romance,Andrew Petrus,945,1.4,"Torphy, O'Connell and Gaylord",130,1996
"Perfect Fake, A",Documentary,Ronny Adriaens,946,3.4,"Ziemann, Flatley and Hudson",126,2016
Days of Glory (Indigènes),Action|Adventure|Drama|War,Judon Butterfill,947,4.3,"Runte, Gleason and Morar",115,2017
"Comedy of Terrors, The",Comedy|Horror,Tandi Ingrey,948,8.6,Bergstrom-Grady,131,2004
Unbeatable (Ji zhan),Action|Drama,Darrell Gunney,949,4.5,Shanahan and Sons,122,1997
Faithless (Trolösa),Drama|Romance,Marcela Esgate,950,3.2,Cummerata LLC,115,2014
"Key, The",Drama,Osbert Abrahmer,951,4.0,Schumm-Becker,108,2018
Deterrence,Drama|Thriller,Roseanna Riddlesden,952,3.9,Paucek-Bauch,97,2015
"Story of Louis Pasteur, The",Drama,Nicolis Kornyakov,953,9.3,Dooley Group,106,2010
Psycho III,Horror|Thriller,Colver Rainsdon,954,9.9,Dooley-Larson,120,2000
Birds of America,Comedy|Drama,Emanuele Van der Merwe,955,7.9,"Buckridge, Zboncak and Wintheiser",112,1997
Zombie Strippers!,Comedy|Horror,Rakel Forrestill,956,6.2,Hudson Inc,115,2011
Bloody Murder,Drama|Horror|Thriller,Lilian Bravery,957,1.6,Mraz-Braun,106,2016
Donnie Brasco,Crime|Drama,Shae Mounsey,958,2.0,"Bechtelar, Rohan and McCullough",112,1992
Urbanized,Documentary,Felice Mahaddie,959,2.1,"Mitchell, Watsica and Walsh",130,1994
Million Dollar Legs,Comedy,Coralyn Fulun,960,9.4,"Pouros, Walsh and Kerluke",120,2003
Cooking with Stella,Drama,Farra Dudman,961,2.7,"Raynor, Armstrong and Kling",120,2009
Rurouni Kenshin (Rurôni Kenshin: Meiji kenkaku roman tan),Action|Drama,Marlo Meardon,962,7.6,Hoppe Inc,135,1996
Omagh,Drama,Danella Dakhno,963,4.4,Carter-Zulauf,140,2014
"Perils of Pauline, The",Comedy,Theodora Hallgate,964,2.8,Barrows-Dicki,111,1998
"Cry in the Dark, A",Drama,Ted Bartolacci,965,6.4,Smitham Inc,126,2002
South Park: Imaginationland,Animation|Comedy|Fantasy,Dino Biglin,966,7.5,Swaniawski Inc,108,2005
Yankee Doodle Dandy,Drama|Musical,Yoshiko Kilbourne,967,3.4,Donnelly LLC,119,1996
Defiance,Drama|Thriller|War,Trace Regi,968,5.1,Oberbrunner Group,109,2018
Bloodsport 2 (a.k.a. Bloodsport II: The Next Kumite),Action,Jeniece Dahlberg,969,6.1,"Hoeger, Simonis and Connelly",131,2008
Maleficent,Action|Adventure|Children|IMAX,Dalt Willock,970,9.9,Ortiz-Ratke,128,2018
Fanatics (Kulman pojat),Comedy,Priscilla Patley,971,4.4,"O'Reilly, Wisoky and Kreiger",129,2000
Forest Warrior,Action|Adventure|Comedy|Western,Mahmud Richfield,972,4.4,Leuschke-Schulist,101,2001
"Piano Tuner of Earthquakes, The",Drama|Fantasy|Romance,Tristan Daouse,973,8.4,Beer-Roob,92,1994
Dracula A.D. 1972,Horror|Thriller,Julie Gaish,974,3.4,Gerhold-Hartmann,142,2016
"Day Lincoln Was Shot, The",Drama,Shanie Caddie,975,4.4,"Bergnaum, Anderson and Donnelly",118,2001
"Truth of Lie, The (Die Wahrheit der Lüge)",Drama|Thriller,Fawn Inger,976,7.7,Kuphal-Kohler,117,2007
"Regular Lovers (Amants réguliers, Les)",Drama,Vail Abela,977,8.1,"Bode, Daniel and Jast",122,2001
Resident Evil: Retribution,Action|Horror|Sci-Fi|IMAX,Cloris Hodgon,978,8.4,Hessel-Roob,114,2012
Meet the Feebles,Animation|Comedy|Musical,Kamillah Dowber,979,3.7,Gleason Inc,115,2006
The Divine Woman,(no genres listed),Petra Reidshaw,980,4.9,Purdy and Sons,105,2015
Beginning of an Unknown Era (Nachalo nevedomogo veka),Drama,Meriel Gullis,981,4.5,Kautzer-Mann,115,1991
Goya: Crazy Like a Genius,Documentary,Jeni Kencott,982,1.0,Rosenbaum LLC,114,2008
Extraordinary Stories (Historias extraordinarias),Drama|Mystery,Clem Roony,983,1.4,"Thompson, Reilly and Bahringer",118,2019
Rambo III,Action|Adventure|Thriller|War,Nita Sunock,984,2.6,Smitham LLC,129,2016
L'homme qui rit,Drama|Fantasy|Romance,Olivia Ruppeli,985,9.5,McLaughlin LLC,127,1996
Dead Rising: Watchtower,Action|Horror|Thriller,Dyana Maw,986,9.9,Douglas Inc,131,1994
"Pick-up Artist, The",Comedy|Romance,Terra Brownsey,987,6.2,Mayert and Sons,143,2015
"Street with No Name, The",Crime|Drama|Film-Noir|Thriller,Raymund Gunthorp,988,4.6,"Bashirian, Abshire and Heathcote",121,2019
Mr. Baseball,Comedy|Romance,Jodee Lavrick,989,7.0,Denesik Group,121,2004
Adulthood,Drama,Bettye Pes,990,2.4,Quitzon Inc,147,2007
"Big Squeeze, The",Comedy|Drama,Bevvy Feronet,991,6.3,Kshlerin Inc,109,1991
Rosetta,Drama,Kipp Dignall,992,7.7,"Schmeler, Anderson and Pfannerstill",108,2006
Tarantula,Horror|Sci-Fi,Dianna Kubasiewicz,993,8.9,Stracke Inc,136,1997
Scary Movie,Comedy|Horror,Chrissy Armitage,994,3.4,Mante-McGlynn,116,2017
Nomads,Horror|Mystery|Thriller,Danya Whitford,995,7.5,"Durgan, Collier and Steuber",146,2006
The Real Glory,War,Munroe Yetton,996,2.5,Raynor LLC,134,1994
Expecting Love (Mala wielka milosc),Comedy|Romance,Erroll Readie,997,1.8,Runolfsdottir Inc,137,1994
Bert - Den siste oskulden,(no genres listed),Darci Vermer,998,2.9,Haag Group,119,2012
Chunhyang,Drama|Musical|Romance,Catherin Boundy,999,4.3,Beatty Inc,112,2016
Commandos Strike at Dawn,Drama|War,Allyson Hazael,1000,7.4,Mante-Schultz,132,2010
